target,model,n_features,fold,r2,mae,rmse,best_params
GPR3mm,Dummy,5,0,-0.04763224121914722,1.0275555555555553,1.492397193349026,{}
GPR3mm,Dummy,5,1,-0.8522779890803518,0.9426262626262849,0.9861492782225837,{}
GPR3mm,Dummy,5,2,-0.006737203098291511,1.1161212121212105,1.7464465241419747,{}
GPR3mm,Dummy,5,3,-0.3394414637872267,1.7870707070707055,2.791475355386212,{}
GPR3mm,Dummy,5,4,-0.03335322690779319,1.02950000000001,1.5798609643467596,{}
GPR3mm,Dummy,5,5,-1.3925275385732294,0.954181818181824,1.0015873535611366,{}
GPR3mm,Dummy,5,6,-0.1471896162659181,1.5760000000000058,2.650316542939298,{}
GPR3mm,Dummy,5,7,-0.006875035320298872,1.181818181818183,1.848276391624022,{}
GPR3mm,Dummy,5,8,-0.013613869013502589,1.2283636363636372,1.966298233220257,{}
GPR3mm,Dummy,5,9,-0.6140974354157309,0.8705833333333466,0.945991190938562,{}
GPR3mm,Dummy,5,10,-0.0004943933230106001,1.1578181818181787,1.9121042543016427,{}
GPR3mm,Dummy,5,11,-0.0443486897973735,1.3280808080808095,2.0783229251013764,{}
GPR3mm,Dummy,5,12,-0.002192892287872228,1.0021818181818207,1.554763408431761,{}
GPR3mm,Dummy,5,13,-0.005231271556933592,1.218909090909097,1.8415604035508981,{}
GPR3mm,Dummy,5,14,-0.041426150162971576,0.9939166666666696,1.3713057038214842,{}
GPR3mm,Dummy,5,15,-0.059434356133371447,1.4215757575757635,2.2947210549272694,{}
GPR3mm,Dummy,5,16,-0.0013726139918870395,1.1327676767676786,1.6937143137839588,{}
GPR3mm,Dummy,5,17,-0.005399387715634418,1.135272727272736,1.8106103404990046,{}
GPR3mm,Dummy,5,18,-0.026994682074800824,1.031111111111104,1.499262274799125,{}
GPR3mm,Dummy,5,19,-0.07476891545687625,0.9853333333333367,1.4483061370672548,{}
GPR3mm,Dummy,5,20,-0.000486979503527607,0.9644444444444411,1.479743826361142,{}
GPR3mm,Dummy,5,21,-0.0024630846072579704,1.3964444444444468,2.07039420154246,{}
GPR3mm,Dummy,5,22,-0.0007508652512144831,1.0974545454545461,1.734658954844874,{}
GPR3mm,Dummy,5,23,-0.03639385110532123,1.0075151515151486,1.511009854545164,{}
GPR3mm,Dummy,5,24,-0.007498338411029426,1.231250000000004,1.9802146348312852,{}
GPR3mm,Ridge,5,0,0.3698889177276268,0.8166579660202092,1.1574135298732908,"{""model__alpha"": 100.0}"
GPR3mm,Ridge,5,1,-0.1835502955638213,0.6821507662654954,0.788284409574425,"{""model__alpha"": 100.0}"
GPR3mm,Ridge,5,2,0.48928276659507774,0.7301196727132038,1.2439057907359752,"{""model__alpha"": 100.0}"
GPR3mm,Ridge,5,3,0.050346675715771005,1.5309779589469656,2.350468714821777,"{""model__alpha"": 100.0}"
GPR3mm,Ridge,5,4,0.43689444314166703,0.8269790717546606,1.166243872862829,"{""model__alpha"": 10.0}"
GPR3mm,Ridge,5,5,-1.1620177116579948,0.7760895724373694,0.9521162630831127,"{""model__alpha"": 10.0}"
GPR3mm,Ridge,5,6,0.11670247061444505,1.4000183536879944,2.32559267881676,"{""model__alpha"": 100.0}"
GPR3mm,Ridge,5,7,0.4344884808142653,0.8665528822959129,1.3851597316892241,"{""model__alpha"": 100.0}"
GPR3mm,Ridge,5,8,0.4723588607396082,0.883904594385296,1.4186734513604031,"{""model__alpha"": 100.0}"
GPR3mm,Ridge,5,9,-0.9846877544552086,0.8998073286432279,1.0489826705098546,"{""model__alpha"": 10.0}"
GPR3mm,Ridge,5,10,0.4340638420219999,0.8785347506924075,1.4380962679183529,"{""model__alpha"": 100.0}"
GPR3mm,Ridge,5,11,0.42627750791183683,0.9582984845566522,1.5404272872409934,"{""model__alpha"": 100.0}"
GPR3mm,Ridge,5,12,0.36559370361985966,0.9261218694028901,1.2370076745392076,"{""model__alpha"": 10.0}"
GPR3mm,Ridge,5,13,0.08915228265159869,0.9712738280908565,1.7529755561979288,"{""model__alpha"": 100.0}"
GPR3mm,Ridge,5,14,0.4106242193858638,0.8120251631034373,1.0316115259760525,"{""model__alpha"": 10.0}"
GPR3mm,Ridge,5,15,0.5671886411015963,0.9572296659899763,1.466703064134543,"{""model__alpha"": 10.0}"
GPR3mm,Ridge,5,16,0.40838150932873296,0.9514532079034944,1.301856669718923,"{""model__alpha"": 100.0}"
GPR3mm,Ridge,5,17,0.45849277630689045,0.8349497544427231,1.3287944800927713,"{""model__alpha"": 100.0}"
GPR3mm,Ridge,5,18,0.45156324971650896,0.6746314158748021,1.0956120248940677,"{""model__alpha"": 100.0}"
GPR3mm,Ridge,5,19,-0.47390096553941174,1.0764820542771183,1.6960434500363162,"{""model__alpha"": 100.0}"
GPR3mm,Ridge,5,20,0.2556858500383675,1.0584782563587363,1.2763181754822857,"{""model__alpha"": 10.0}"
GPR3mm,Ridge,5,21,0.19758718901561267,1.0524844677772125,1.8523275033776407,"{""model__alpha"": 100.0}"
GPR3mm,Ridge,5,22,0.4921177533402896,1.0666239354756077,1.235755725513935,"{""model__alpha"": 10.0}"
GPR3mm,Ridge,5,23,0.45699677202286615,0.6905542510398527,1.0937198357697255,"{""model__alpha"": 100.0}"
GPR3mm,Ridge,5,24,0.3949469673047883,0.9419169000831152,1.5345704024067761,"{""model__alpha"": 100.0}"
GPR3mm,SVR,5,0,0.7175703483212652,0.5185133032587413,0.7748812299924189,"{""model__C"": 10, ""model__epsilon"": 0.1, ""model__gamma"": 0.1}"
GPR3mm,SVR,5,1,0.34008882344547686,0.3976976923711942,0.5886163483622945,"{""model__C"": 100, ""model__epsilon"": 0.1, ""model__gamma"": 0.03}"
GPR3mm,SVR,5,2,0.8037259403186612,0.5077232615401113,0.7711319295363174,"{""model__C"": 1, ""model__epsilon"": 0.1, ""model__gamma"": ""scale""}"
GPR3mm,SVR,5,3,0.4771074679467662,0.9986645200342327,1.7441271726777543,"{""model__C"": 100, ""model__epsilon"": 0.1, ""model__gamma"": 0.03}"
GPR3mm,SVR,5,4,0.6317426288828502,0.5471687648436246,0.9431270319856585,"{""model__C"": 10, ""model__epsilon"": 0.1, ""model__gamma"": 0.1}"
GPR3mm,SVR,5,5,0.3905515263734798,0.38153746553772633,0.5055089585731449,"{""model__C"": 10, ""model__epsilon"": 0.1, ""model__gamma"": 0.1}"
GPR3mm,SVR,5,6,0.46287360866455085,1.0465768877077597,1.8135034643112884,"{""model__C"": 10, ""model__epsilon"": 0.1, ""model__gamma"": 0.1}"
GPR3mm,SVR,5,7,0.8274983410355443,0.5173375694627265,0.765025246991631,"{""model__C"": 10, ""model__epsilon"": 0.1, ""model__gamma"": ""scale""}"
GPR3mm,SVR,5,8,0.8077703089641511,0.48359021298363414,0.856294886991124,"{""model__C"": 10, ""model__epsilon"": 0.1, ""model__gamma"": ""scale""}"
GPR3mm,SVR,5,9,0.4287144698729485,0.4047763735552567,0.5627931860096379,"{""model__C"": 100, ""model__epsilon"": 0.1, ""model__gamma"": 0.03}"
GPR3mm,SVR,5,10,0.9025009469983751,0.41217395190227196,0.5969039280736443,"{""model__C"": 10, ""model__epsilon"": 0.1, ""model__gamma"": 0.1}"
GPR3mm,SVR,5,11,0.7913904441452144,0.539622712493059,0.9288751923780689,"{""model__C"": 100, ""model__epsilon"": 0.1, ""model__gamma"": 0.03}"
GPR3mm,SVR,5,12,0.39711837340095235,0.7737997485220274,1.2058816207890817,"{""model__C"": 10, ""model__epsilon"": 0.1, ""model__gamma"": 0.1}"
GPR3mm,SVR,5,13,0.38977728415497837,0.6456071759614713,1.4348191299099304,"{""model__C"": 100, ""model__epsilon"": 0.1, ""model__gamma"": 0.1}"
GPR3mm,SVR,5,14,0.7109682813676088,0.5376782543387524,0.7224250484935837,"{""model__C"": 10, ""model__epsilon"": 0.1, ""model__gamma"": 0.1}"
GPR3mm,SVR,5,15,0.789639678856355,0.6127613567104874,1.022527005585584,"{""model__C"": 10, ""model__epsilon"": 0.1, ""model__gamma"": 0.1}"
GPR3mm,SVR,5,16,0.5274168624514357,0.6836795017805827,1.163540255912242,"{""model__C"": 10, ""model__epsilon"": 0.1, ""model__gamma"": ""scale""}"
GPR3mm,SVR,5,17,0.8696978273580815,0.45279975061451805,0.6518257555069408,"{""model__C"": 10, ""model__epsilon"": 0.1, ""model__gamma"": 0.1}"
GPR3mm,SVR,5,18,0.8532724266116694,0.42630400159835574,0.5666950033177751,"{""model__C"": 10, ""model__epsilon"": 0.1, ""model__gamma"": 0.1}"
GPR3mm,SVR,5,19,-0.2692298698299531,0.7557124737722702,1.5738848843815725,"{""model__C"": 10, ""model__epsilon"": 0.1, ""model__gamma"": 0.1}"
GPR3mm,SVR,5,20,0.6743916750764382,0.5979184158032984,0.844167379924094,"{""model__C"": 10, ""model__epsilon"": 0.1, ""model__gamma"": 0.1}"
GPR3mm,SVR,5,21,0.45891687628394884,0.6945647669470703,1.521075749924979,"{""model__C"": 10, ""model__epsilon"": 0.1, ""model__gamma"": 0.1}"
GPR3mm,SVR,5,22,0.8547261168524727,0.5162073432571589,0.6609139032172462,"{""model__C"": 10, ""model__epsilon"": 0.1, ""model__gamma"": ""scale""}"
GPR3mm,SVR,5,23,0.7866009739129654,0.47546096696940937,0.6856478198704576,"{""model__C"": 100, ""model__epsilon"": 0.1, ""model__gamma"": 0.03}"
GPR3mm,SVR,5,24,0.7216297563056128,0.6290959561447101,1.0408820073198175,"{""model__C"": 100, ""model__epsilon"": 0.1, ""model__gamma"": 0.03}"
GPR3mm,RandomForest,5,0,0.78345051946323,0.4551647888506676,0.6785136187501951,"{""max_depth"": 10, ""max_features"": 1.0, ""min_samples_leaf"": 1}"
GPR3mm,RandomForest,5,1,0.5660622311426654,0.3934484177174232,0.4773130452402839,"{""max_depth"": 5, ""max_features"": ""sqrt"", ""min_samples_leaf"": 1}"
GPR3mm,RandomForest,5,2,0.9257337365758547,0.3561271385281776,0.4743435724352657,"{""max_depth"": null, ""max_features"": ""sqrt"", ""min_samples_leaf"": 1}"
GPR3mm,RandomForest,5,3,0.5791827645828762,0.84336626890535,1.5646553450401346,"{""max_depth"": 10, ""max_features"": ""sqrt"", ""min_samples_leaf"": 1}"
GPR3mm,RandomForest,5,4,0.1666825408451882,0.6625361760031053,1.418729858764469,"{""max_depth"": 5, ""max_features"": 1.0, ""min_samples_leaf"": 1}"
GPR3mm,RandomForest,5,5,0.5595675667067747,0.3668898820515909,0.42973428714743755,"{""max_depth"": 10, ""max_features"": ""sqrt"", ""min_samples_leaf"": 1}"
GPR3mm,RandomForest,5,6,0.42760652855321846,1.0030071842115154,1.8720932593314485,"{""max_depth"": 5, ""max_features"": 1.0, ""min_samples_leaf"": 1}"
GPR3mm,RandomForest,5,7,0.8920496892788234,0.3812310764240698,0.6051890731125343,"{""max_depth"": 10, ""max_features"": 1.0, ""min_samples_leaf"": 1}"
GPR3mm,RandomForest,5,8,0.8875302769769058,0.44564922016468644,0.6549843597363915,"{""max_depth"": 10, ""max_features"": ""sqrt"", ""min_samples_leaf"": 1}"
GPR3mm,RandomForest,5,9,0.2352448796340274,0.5111268282754443,0.6511535539707506,"{""max_depth"": 10, ""max_features"": 1.0, ""min_samples_leaf"": 1}"
GPR3mm,RandomForest,5,10,0.9269570586130739,0.4191615653601491,0.5166463493107586,"{""max_depth"": 10, ""max_features"": ""sqrt"", ""min_samples_leaf"": 1}"
GPR3mm,RandomForest,5,11,0.852117126759153,0.48770988095233975,0.7820764436576161,"{""max_depth"": null, ""max_features"": ""sqrt"", ""min_samples_leaf"": 1}"
GPR3mm,RandomForest,5,12,0.2866903336353034,0.7187066737202088,1.3116794254968123,"{""max_depth"": 5, ""max_features"": 1.0, ""min_samples_leaf"": 1}"
GPR3mm,RandomForest,5,13,0.3840707180964764,0.5904233158507958,1.4415124538625372,"{""max_depth"": null, ""max_features"": ""sqrt"", ""min_samples_leaf"": 1}"
GPR3mm,RandomForest,5,14,0.8684127889088844,0.40754413104245363,0.48744641913442477,"{""max_depth"": null, ""max_features"": ""sqrt"", ""min_samples_leaf"": 1}"
GPR3mm,RandomForest,5,15,0.5986126614274879,0.6475412230375803,1.4124552873812137,"{""max_depth"": 10, ""max_features"": 1.0, ""min_samples_leaf"": 1}"
GPR3mm,RandomForest,5,16,0.7650801638414573,0.540173448458649,0.8203556007960693,"{""max_depth"": 5, ""max_features"": ""sqrt"", ""min_samples_leaf"": 1}"
GPR3mm,RandomForest,5,17,0.8938955919708267,0.43552502135478677,0.5881964533031101,"{""max_depth"": 5, ""max_features"": 1.0, ""min_samples_leaf"": 1}"
GPR3mm,RandomForest,5,18,0.8743024922824572,0.42621318787924733,0.5245137156752122,"{""max_depth"": 5, ""max_features"": ""sqrt"", ""min_samples_leaf"": 1}"
GPR3mm,RandomForest,5,19,-0.11258019680646258,0.6671987656258848,1.4735622430357722,"{""max_depth"": 5, ""max_features"": ""sqrt"", ""min_samples_leaf"": 1}"
GPR3mm,RandomForest,5,20,0.868102289318697,0.3457583263797119,0.5372784790516398,"{""max_depth"": 5, ""max_features"": 1.0, ""min_samples_leaf"": 1}"
GPR3mm,RandomForest,5,21,0.4856222519974829,0.6621902739527382,1.48306414239532,"{""max_depth"": 5, ""max_features"": ""sqrt"", ""min_samples_leaf"": 1}"
GPR3mm,RandomForest,5,22,0.8718472217520061,0.45936859259934293,0.6207477129974917,"{""max_depth"": 5, ""max_features"": ""sqrt"", ""min_samples_leaf"": 1}"
GPR3mm,RandomForest,5,23,0.8340993984465441,0.5199133378086662,0.6045453197303129,"{""max_depth"": 5, ""max_features"": ""sqrt"", ""min_samples_leaf"": 1}"
GPR3mm,RandomForest,5,24,0.595853150262349,0.5669912982149127,1.2541794933918828,"{""max_depth"": 5, ""max_features"": 1.0, ""min_samples_leaf"": 1}"
GPR3mm,XGBoost,5,0,0.8373865349014298,0.40403302001953195,0.5879741703375405,"{""learning_rate"": 0.03, ""max_depth"": 3, ""subsample"": 0.7}"
GPR3mm,XGBoost,5,1,0.5012032679468559,0.3586609497070316,0.5117423721458582,"{""learning_rate"": 0.1, ""max_depth"": 2, ""subsample"": 0.7}"
GPR3mm,XGBoost,5,2,0.9461233162729494,0.29767321777343736,0.4040151595265095,"{""learning_rate"": 0.03, ""max_depth"": 3, ""subsample"": 1.0}"
GPR3mm,XGBoost,5,3,0.5344659990995206,0.8355037841796883,1.645688489246562,"{""learning_rate"": 0.03, ""max_depth"": 3, ""subsample"": 0.7}"
GPR3mm,XGBoost,5,4,0.1068538715874735,0.6042496363321946,1.4687765447225958,"{""learning_rate"": 0.1, ""max_depth"": 3, ""subsample"": 1.0}"
GPR3mm,XGBoost,5,5,0.3450279924586517,0.35424639892578,0.5240487981801479,"{""learning_rate"": 0.1, ""max_depth"": 5, ""subsample"": 1.0}"
GPR3mm,XGBoost,5,6,0.4118996079914994,0.9833546752929704,1.8976052715583662,"{""learning_rate"": 0.03, ""max_depth"": 2, ""subsample"": 1.0}"
GPR3mm,XGBoost,5,7,0.8971803688309528,0.35832635498046955,0.5906322414416131,"{""learning_rate"": 0.03, ""max_depth"": 5, ""subsample"": 0.7}"
GPR3mm,XGBoost,5,8,0.7757527986384152,0.5085776367187498,0.9248613544059614,"{""learning_rate"": 0.03, ""max_depth"": 3, ""subsample"": 1.0}"
GPR3mm,XGBoost,5,9,-2.69255367241705,0.698841985066732,1.4308220583461724,"{""learning_rate"": 0.03, ""max_depth"": 5, ""subsample"": 0.7}"
GPR3mm,XGBoost,5,10,0.9271687112767149,0.38823999023437467,0.515897276895212,"{""learning_rate"": 0.03, ""max_depth"": 3, ""subsample"": 0.7}"
GPR3mm,XGBoost,5,11,0.8323917077185281,0.4517088012695314,0.832603084834646,"{""learning_rate"": 0.03, ""max_depth"": 3, ""subsample"": 1.0}"
GPR3mm,XGBoost,5,12,0.36116831461284327,0.6922692871093755,1.241314635841301,"{""learning_rate"": 0.03, ""max_depth"": 2, ""subsample"": 0.7}"
GPR3mm,XGBoost,5,13,0.41989084544444066,0.5121629638671874,1.3989681677177206,"{""learning_rate"": 0.1, ""max_depth"": 5, ""subsample"": 1.0}"
GPR3mm,XGBoost,5,14,0.10776136360322908,0.5581673940022789,1.2692891154525165,"{""learning_rate"": 0.03, ""max_depth"": 3, ""subsample"": 0.7}"
GPR3mm,XGBoost,5,15,0.5642036893525265,0.6520360107421862,1.471752048233099,"{""learning_rate"": 0.1, ""max_depth"": 3, ""subsample"": 1.0}"
GPR3mm,XGBoost,5,16,0.784204118417337,0.43489611816406354,0.7862558302623853,"{""learning_rate"": 0.03, ""max_depth"": 3, ""subsample"": 0.7}"
GPR3mm,XGBoost,5,17,0.8741188250671477,0.44469805908203114,0.6406724987294614,"{""learning_rate"": 0.03, ""max_depth"": 2, ""subsample"": 0.7}"
GPR3mm,XGBoost,5,18,0.9134366542959165,0.32595373535156286,0.43527180128732296,"{""learning_rate"": 0.1, ""max_depth"": 3, ""subsample"": 0.7}"
GPR3mm,XGBoost,5,19,-0.11574029923131501,0.5947422027587889,1.4756534656437648,"{""learning_rate"": 0.1, ""max_depth"": 2, ""subsample"": 0.7}"
GPR3mm,XGBoost,5,20,0.8649226796013046,0.3633283691406251,0.5437159015229326,"{""learning_rate"": 0.03, ""max_depth"": 3, ""subsample"": 1.0}"
GPR3mm,XGBoost,5,21,0.4483003765853403,0.6612705078125015,1.535925645896014,"{""learning_rate"": 0.03, ""max_depth"": 5, ""subsample"": 0.7}"
GPR3mm,XGBoost,5,22,0.9023761930608694,0.373673034667969,0.5417875051380082,"{""learning_rate"": 0.03, ""max_depth"": 3, ""subsample"": 1.0}"
GPR3mm,XGBoost,5,23,0.1251817679612368,0.6501071166992187,1.3882375767655288,"{""learning_rate"": 0.1, ""max_depth"": 3, ""subsample"": 1.0}"
GPR3mm,XGBoost,5,24,0.5885469543973985,0.5447466532389326,1.265465289115859,"{""learning_rate"": 0.03, ""max_depth"": 3, ""subsample"": 1.0}"
GPR3mm,MLP,5,0,0.6709609528938604,0.6361805055814671,0.8363801465379843,"{""model__alpha"": 1.0, ""model__hidden_layer_sizes"": [16]}"
GPR3mm,MLP,5,1,0.4797659292428579,0.40584860626992453,0.5226235478479686,"{""model__alpha"": 1.0, ""model__hidden_layer_sizes"": [32]}"
GPR3mm,MLP,5,2,0.9196880199527653,0.40488331756342405,0.4932730630369205,"{""model__alpha"": 1.0, ""model__hidden_layer_sizes"": [32]}"
GPR3mm,MLP,5,3,0.5269496315293467,0.8951775673407115,1.6589206803264813,"{""model__alpha"": 1.0, ""model__hidden_layer_sizes"": [32]}"
GPR3mm,MLP,5,4,0.6853060435846849,0.6122666966881413,0.8718437725808915,"{""model__alpha"": 1.0, ""model__hidden_layer_sizes"": [32]}"
GPR3mm,MLP,5,5,0.21371444832619102,0.4452125822173008,0.5741832344074682,"{""model__alpha"": 1.0, ""model__hidden_layer_sizes"": [32]}"
GPR3mm,MLP,5,6,0.526530880986441,0.9405272347957788,1.7026523137297762,"{""model__alpha"": 1.0, ""model__hidden_layer_sizes"": [32]}"
GPR3mm,MLP,5,7,0.6670599372494841,0.7103216942201601,1.0628259711260126,"{""model__alpha"": 1.0, ""model__hidden_layer_sizes"": [32]}"
GPR3mm,MLP,5,8,0.83284998702942,0.49383124413891494,0.7984841948811386,"{""model__alpha"": 1.0, ""model__hidden_layer_sizes"": [32]}"
GPR3mm,MLP,5,9,0.1555854966598511,0.5189825988616832,0.6842267681194918,"{""model__alpha"": 1.0, ""model__hidden_layer_sizes"": [16]}"
GPR3mm,MLP,5,10,0.8649222585081275,0.5821072909314364,0.702580567289221,"{""model__alpha"": 1.0, ""model__hidden_layer_sizes"": [32]}"
GPR3mm,MLP,5,11,0.7237011517513452,0.6969027166420193,1.0690051619877416,"{""model__alpha"": 1.0, ""model__hidden_layer_sizes"": [32]}"
GPR3mm,MLP,5,12,0.47806660265798484,0.809037682015516,1.1220086249173578,"{""model__alpha"": 1.0, ""model__hidden_layer_sizes"": [16]}"
GPR3mm,MLP,5,13,0.3610001718357666,0.5996087586291378,1.4682612724846915,"{""model__alpha"": 1.0, ""model__hidden_layer_sizes"": [32]}"
GPR3mm,MLP,5,14,0.2721184815877671,0.7642927926102564,1.1464375156016304,"{""model__alpha"": 1.0, ""model__hidden_layer_sizes"": [32]}"
GPR3mm,MLP,5,15,0.8507220496876247,0.534184018938152,0.8613719118033807,"{""model__alpha"": 1.0, ""model__hidden_layer_sizes"": [32]}"
GPR3mm,MLP,5,16,0.4658710891705723,0.9416015333958034,1.236987598763162,"{""model__alpha"": 1.0, ""model__hidden_layer_sizes"": [16]}"
GPR3mm,MLP,5,17,0.8576441392552063,0.5344983446183307,0.6813078045597245,"{""model__alpha"": 1.0, ""model__hidden_layer_sizes"": [16]}"
GPR3mm,MLP,5,18,0.8730814927985826,0.41443119295317105,0.527055067697647,"{""model__alpha"": 1.0, ""model__hidden_layer_sizes"": [32]}"
GPR3mm,MLP,5,19,-0.13981023588352892,0.6382439281508455,1.4914857168941837,"{""model__alpha"": 1.0, ""model__hidden_layer_sizes"": [16]}"
GPR3mm,MLP,5,20,0.6757818189197465,0.6055520499726589,0.8423634191225882,"{""model__alpha"": 1.0, ""model__hidden_layer_sizes"": [32]}"
GPR3mm,MLP,5,21,0.4052118631334104,0.7817070302520847,1.5947771233754076,"{""model__alpha"": 1.0, ""model__hidden_layer_sizes"": [32]}"
GPR3mm,MLP,5,22,0.8189092163162609,0.5495906714820222,0.7379030227121504,"{""model__alpha"": 1.0, ""model__hidden_layer_sizes"": [32]}"
GPR3mm,MLP,5,23,0.8070196932729345,0.5277651074172787,0.6520206930706756,"{""model__alpha"": 1.0, ""model__hidden_layer_sizes"": [16]}"
GPR3mm,MLP,5,24,0.6951094027647265,0.6978364218395464,1.0893366416080565,"{""model__alpha"": 1.0, ""model__hidden_layer_sizes"": [16]}"
GPR3mm,Dummy,10,0,-0.04763224121914722,1.0275555555555553,1.492397193349026,{}
GPR3mm,Dummy,10,1,-0.8522779890803518,0.9426262626262849,0.9861492782225837,{}
GPR3mm,Dummy,10,2,-0.006737203098291511,1.1161212121212105,1.7464465241419747,{}
GPR3mm,Dummy,10,3,-0.3394414637872267,1.7870707070707055,2.791475355386212,{}
GPR3mm,Dummy,10,4,-0.03335322690779319,1.02950000000001,1.5798609643467596,{}
GPR3mm,Dummy,10,5,-1.3925275385732294,0.954181818181824,1.0015873535611366,{}
GPR3mm,Dummy,10,6,-0.1471896162659181,1.5760000000000058,2.650316542939298,{}
GPR3mm,Dummy,10,7,-0.006875035320298872,1.181818181818183,1.848276391624022,{}
GPR3mm,Dummy,10,8,-0.013613869013502589,1.2283636363636372,1.966298233220257,{}
GPR3mm,Dummy,10,9,-0.6140974354157309,0.8705833333333466,0.945991190938562,{}
GPR3mm,Dummy,10,10,-0.0004943933230106001,1.1578181818181787,1.9121042543016427,{}
GPR3mm,Dummy,10,11,-0.0443486897973735,1.3280808080808095,2.0783229251013764,{}
GPR3mm,Dummy,10,12,-0.002192892287872228,1.0021818181818207,1.554763408431761,{}
GPR3mm,Dummy,10,13,-0.005231271556933592,1.218909090909097,1.8415604035508981,{}
GPR3mm,Dummy,10,14,-0.041426150162971576,0.9939166666666696,1.3713057038214842,{}
GPR3mm,Dummy,10,15,-0.059434356133371447,1.4215757575757635,2.2947210549272694,{}
GPR3mm,Dummy,10,16,-0.0013726139918870395,1.1327676767676786,1.6937143137839588,{}
GPR3mm,Dummy,10,17,-0.005399387715634418,1.135272727272736,1.8106103404990046,{}
GPR3mm,Dummy,10,18,-0.026994682074800824,1.031111111111104,1.499262274799125,{}
GPR3mm,Dummy,10,19,-0.07476891545687625,0.9853333333333367,1.4483061370672548,{}
GPR3mm,Dummy,10,20,-0.000486979503527607,0.9644444444444411,1.479743826361142,{}
GPR3mm,Dummy,10,21,-0.0024630846072579704,1.3964444444444468,2.07039420154246,{}
GPR3mm,Dummy,10,22,-0.0007508652512144831,1.0974545454545461,1.734658954844874,{}
GPR3mm,Dummy,10,23,-0.03639385110532123,1.0075151515151486,1.511009854545164,{}
GPR3mm,Dummy,10,24,-0.007498338411029426,1.231250000000004,1.9802146348312852,{}
GPR3mm,Ridge,10,0,0.5789808688952389,0.7767060122248489,0.9460866431900545,"{""model__alpha"": 10.0}"
GPR3mm,Ridge,10,1,-0.21603381382622144,0.6956560609887384,0.7990287460850819,"{""model__alpha"": 10.0}"
GPR3mm,Ridge,10,2,0.791524150273896,0.5662334978748993,0.7947400686920143,"{""model__alpha"": 10.0}"
GPR3mm,Ridge,10,3,0.07488904861865098,1.5108563146082452,2.3198977285122164,"{""model__alpha"": 100.0}"
GPR3mm,Ridge,10,4,0.3927663483584741,0.8357951908933335,1.2110787507362615,"{""model__alpha"": 10.0}"
GPR3mm,Ridge,10,5,-1.1063886573664785,0.7556158650399039,0.9397873900405003,"{""model__alpha"": 10.0}"
GPR3mm,Ridge,10,6,0.12486966616859374,1.400262497307048,2.314816197185213,"{""model__alpha"": 100.0}"
GPR3mm,Ridge,10,7,0.6964134718077917,0.8230193266520445,1.0148932815082214,"{""model__alpha"": 10.0}"
GPR3mm,Ridge,10,8,0.692574395868526,0.8256721664067544,1.0828869859773431,"{""model__alpha"": 10.0}"
GPR3mm,Ridge,10,9,-0.44808444495139543,0.7668324441161113,0.8960230104382212,"{""model__alpha"": 10.0}"
GPR3mm,Ridge,10,10,0.7002297767037327,0.7982654990505705,1.0466427846785118,"{""model__alpha"": 10.0}"
GPR3mm,Ridge,10,11,0.5845603160422648,0.9927259961857118,1.3108236085946863,"{""model__alpha"": 10.0}"
GPR3mm,Ridge,10,12,0.44088625041951146,0.8530729491649793,1.1612847902164816,"{""model__alpha"": 10.0}"
GPR3mm,Ridge,10,13,0.28632069138686833,0.8578428507315556,1.551688444485842,"{""model__alpha"": 1.0}"
GPR3mm,Ridge,10,14,0.5507325918447032,0.7539794721674706,0.9006841084390145,"{""model__alpha"": 10.0}"
GPR3mm,Ridge,10,15,0.6115062830731894,0.9446449290696103,1.3895842209147087,"{""model__alpha"": 10.0}"
GPR3mm,Ridge,10,16,0.5747679718553336,0.944076552497661,1.1037107861115796,"{""model__alpha"": 10.0}"
GPR3mm,Ridge,10,17,0.7044185307716844,0.7793365831756273,0.981735035046955,"{""model__alpha"": 10.0}"
GPR3mm,Ridge,10,18,0.6030978899986439,0.6891124378551291,0.9320414345770305,"{""model__alpha"": 10.0}"
GPR3mm,Ridge,10,19,-0.4570959379958177,1.1304957634713109,1.6863468125868541,"{""model__alpha"": 1.0}"
GPR3mm,Ridge,10,20,0.3954617012308749,0.9833816368701708,1.1502512820105601,"{""model__alpha"": 10.0}"
GPR3mm,Ridge,10,21,0.19714117686496502,1.0299201220858925,1.8528422295828142,"{""model__alpha"": 100.0}"
GPR3mm,Ridge,10,22,0.6284258449156812,0.9196640958950775,1.056997267887221,"{""model__alpha"": 10.0}"
GPR3mm,Ridge,10,23,0.6096863240511657,0.6702875937851889,0.9272818668490502,"{""model__alpha"": 10.0}"
GPR3mm,Ridge,10,24,0.6342363479549871,0.8113680651086407,1.193137152216846,"{""model__alpha"": 10.0}"
GPR3mm,SVR,10,0,0.5519263513696413,0.6295984303045139,0.9760109670540418,"{""model__C"": 100, ""model__epsilon"": 0.1, ""model__gamma"": 0.03}"
GPR3mm,SVR,10,1,0.49092291321832215,0.4363879850192791,0.5169890602425391,"{""model__C"": 10, ""model__epsilon"": 0.5, ""model__gamma"": ""scale""}"
GPR3mm,SVR,10,2,0.907781279918962,0.4071331104563268,0.5285751946086746,"{""model__C"": 10, ""model__epsilon"": 0.1, ""model__gamma"": ""scale""}"
GPR3mm,SVR,10,3,0.505467028089398,0.9617829914362921,1.6961706922910564,"{""model__C"": 10, ""model__epsilon"": 0.1, ""model__gamma"": ""scale""}"
GPR3mm,SVR,10,4,0.5532797464465171,0.5921730088844518,1.0387529976903476,"{""model__C"": 10, ""model__epsilon"": 0.1, ""model__gamma"": 0.03}"
GPR3mm,SVR,10,5,0.28661723848991494,0.36753719965426795,0.5469173048735364,"{""model__C"": 10, ""model__epsilon"": 0.1, ""model__gamma"": 0.03}"
GPR3mm,SVR,10,6,0.39834767348865596,1.1241902675742619,1.9193445502823818,"{""model__C"": 10, ""model__epsilon"": 0.1, ""model__gamma"": 0.1}"
GPR3mm,SVR,10,7,0.8560231102760409,0.48396515604529783,0.6989168702037811,"{""model__C"": 10, ""model__epsilon"": 0.1, ""model__gamma"": 0.03}"
GPR3mm,SVR,10,8,0.8096749385265113,0.6021169268824349,0.8520422022907523,"{""model__C"": 10, ""model__epsilon"": 0.1, ""model__gamma"": ""scale""}"
GPR3mm,SVR,10,9,0.465601102976797,0.381154967331027,0.544320881294412,"{""model__C"": 10, ""model__epsilon"": 0.1, ""model__gamma"": 0.03}"
GPR3mm,SVR,10,10,0.8766257718793973,0.48577703320850785,0.6714543046949145,"{""model__C"": 10, ""model__epsilon"": 0.1, ""model__gamma"": 0.03}"
GPR3mm,SVR,10,11,0.860342897952087,0.5033333161547171,0.7600143249111618,"{""model__C"": 10, ""model__epsilon"": 0.1, ""model__gamma"": 0.03}"
GPR3mm,SVR,10,12,0.4042450351889898,0.7420409587673266,1.198733070839441,"{""model__C"": 10, ""model__epsilon"": 0.1, ""model__gamma"": 0.03}"
GPR3mm,SVR,10,13,0.1918804538744614,0.6953890992308953,1.6511661576853949,"{""model__C"": 100, ""model__epsilon"": 0.1, ""model__gamma"": 0.03}"
GPR3mm,SVR,10,14,0.7607874540021402,0.5232191322202802,0.6572218897405627,"{""model__C"": 10, ""model__epsilon"": 0.1, ""model__gamma"": 0.03}"
GPR3mm,SVR,10,15,0.7778137140833339,0.6449363271033082,1.0508760610071481,"{""model__C"": 10, ""model__epsilon"": 0.1, ""model__gamma"": 0.03}"
GPR3mm,SVR,10,16,0.7812811904717829,0.5211095177131176,0.791562788117675,"{""model__C"": 10, ""model__epsilon"": 0.1, ""model__gamma"": ""scale""}"
GPR3mm,SVR,10,17,0.8221656372942436,0.5373182916774902,0.7614888166034421,"{""model__C"": 10, ""model__epsilon"": 0.1, ""model__gamma"": 0.03}"
GPR3mm,SVR,10,18,0.6947003527475163,0.49784388277286323,0.8174414713850165,"{""model__C"": 10, ""model__epsilon"": 0.1, ""model__gamma"": 0.03}"
GPR3mm,SVR,10,19,-0.28663342989308394,0.8695536516572412,1.5846386267352377,"{""model__C"": 10, ""model__epsilon"": 0.1, ""model__gamma"": ""scale""}"
GPR3mm,SVR,10,20,0.6224860467818308,0.6687406671353835,0.9089653335955162,"{""model__C"": 100, ""model__epsilon"": 0.1, ""model__gamma"": 0.03}"
GPR3mm,SVR,10,21,0.3560243405949951,0.7285521864921367,1.6594095093182404,"{""model__C"": 100, ""model__epsilon"": 0.1, ""model__gamma"": 0.03}"
GPR3mm,SVR,10,22,0.8621258445155806,0.48895803329126974,0.643861634766403,"{""model__C"": 10, ""model__epsilon"": 0.1, ""model__gamma"": 0.03}"
GPR3mm,SVR,10,23,0.742556992081651,0.5144945785918605,0.7530874901443612,"{""model__C"": 100, ""model__epsilon"": 0.1, ""model__gamma"": 0.03}"
GPR3mm,SVR,10,24,0.6372770980578639,0.6741666513908994,1.188167271050119,"{""model__C"": 10, ""model__epsilon"": 0.1, ""model__gamma"": 0.03}"
GPR3mm,RandomForest,10,0,0.7218322579568107,0.5236099717639968,0.7690124634230244,"{""max_depth"": 10, ""max_features"": 1.0, ""min_samples_leaf"": 1}"
GPR3mm,RandomForest,10,1,0.3918865630053091,0.48689751430958156,0.5650434931442895,"{""max_depth"": 5, ""max_features"": ""sqrt"", ""min_samples_leaf"": 1}"
GPR3mm,RandomForest,10,2,0.9598605702923101,0.2908796667164188,0.34872479861047856,"{""max_depth"": 10, ""max_features"": ""sqrt"", ""min_samples_leaf"": 1}"
GPR3mm,RandomForest,10,3,0.6349866114376992,0.8277139999999935,1.4572240353837302,"{""max_depth"": null, ""max_features"": ""sqrt"", ""min_samples_leaf"": 1}"
GPR3mm,RandomForest,10,4,0.16871446476512897,0.6681291330555688,1.4169991194509202,"{""max_depth"": 5, ""max_features"": 1.0, ""min_samples_leaf"": 1}"
GPR3mm,RandomForest,10,5,0.563582618814505,0.3519483809523689,0.4277710395311415,"{""max_depth"": null, ""max_features"": ""sqrt"", ""min_samples_leaf"": 1}"
GPR3mm,RandomForest,10,6,0.4167628228093263,1.0005427465617673,1.8897429916939965,"{""max_depth"": 5, ""max_features"": 1.0, ""min_samples_leaf"": 1}"
GPR3mm,RandomForest,10,7,0.917762399242931,0.36846547828724624,0.5282193974558148,"{""max_depth"": 10, ""max_features"": ""sqrt"", ""min_samples_leaf"": 1}"
GPR3mm,RandomForest,10,8,0.8465436843662284,0.5161467557646466,0.7650776237437992,"{""max_depth"": 10, ""max_features"": ""sqrt"", ""min_samples_leaf"": 1}"
GPR3mm,RandomForest,10,9,0.48446501983657486,0.4205750223580426,0.5346274921927567,"{""max_depth"": 10, ""max_features"": ""sqrt"", ""min_samples_leaf"": 1}"
GPR3mm,RandomForest,10,10,0.9125067726905424,0.4300541840656132,0.5654464168364094,"{""max_depth"": 10, ""max_features"": ""sqrt"", ""min_samples_leaf"": 1}"
GPR3mm,RandomForest,10,11,0.8240805981653273,0.566803029029885,0.8529962754831977,"{""max_depth"": 10, ""max_features"": ""sqrt"", ""min_samples_leaf"": 1}"
GPR3mm,RandomForest,10,12,0.3814128215597149,0.6657777406718992,1.2214877299416342,"{""max_depth"": 10, ""max_features"": ""sqrt"", ""min_samples_leaf"": 1}"
GPR3mm,RandomForest,10,13,0.48009805756245827,0.5498594999999841,1.3243832917980234,"{""max_depth"": null, ""max_features"": ""sqrt"", ""min_samples_leaf"": 1}"
GPR3mm,RandomForest,10,14,0.8698019884006376,0.4038979042658184,0.48486654436095716,"{""max_depth"": null, ""max_features"": ""sqrt"", ""min_samples_leaf"": 1}"
GPR3mm,RandomForest,10,15,0.6870301092572018,0.6234179047619262,1.2472231215283807,"{""max_depth"": null, ""max_features"": ""sqrt"", ""min_samples_leaf"": 1}"
GPR3mm,RandomForest,10,16,0.8420008724171381,0.47418178571425473,0.6727746939022143,"{""max_depth"": null, ""max_features"": ""sqrt"", ""min_samples_leaf"": 1}"
GPR3mm,RandomForest,10,17,0.8466514540435577,0.5265337142857175,0.7071239051215534,"{""max_depth"": null, ""max_features"": ""sqrt"", ""min_samples_leaf"": 1}"
GPR3mm,RandomForest,10,18,0.8738407087230889,0.4095051473188283,0.5254763034190415,"{""max_depth"": 10, ""max_features"": ""sqrt"", ""min_samples_leaf"": 1}"
GPR3mm,RandomForest,10,19,0.13419056295208864,0.5960210751607337,1.299912080862334,"{""max_depth"": 10, ""max_features"": ""sqrt"", ""min_samples_leaf"": 1}"
GPR3mm,RandomForest,10,20,0.8632164692971098,0.3993538170793005,0.5471390613834921,"{""max_depth"": 10, ""max_features"": ""sqrt"", ""min_samples_leaf"": 1}"
GPR3mm,RandomForest,10,21,0.5759039329792495,0.6322349120139279,1.3466383265675796,"{""max_depth"": 10, ""max_features"": ""sqrt"", ""min_samples_leaf"": 1}"
GPR3mm,RandomForest,10,22,0.8825242363047743,0.4433486666666386,0.594326717106497,"{""max_depth"": null, ""max_features"": ""sqrt"", ""min_samples_leaf"": 1}"
GPR3mm,RandomForest,10,23,0.8791400390965881,0.4374713568925114,0.5159957298574814,"{""max_depth"": 10, ""max_features"": ""sqrt"", ""min_samples_leaf"": 1}"
GPR3mm,RandomForest,10,24,0.5627577215747626,0.6049735119047632,1.304521289008264,"{""max_depth"": null, ""max_features"": 1.0, ""min_samples_leaf"": 1}"
GPR3mm,XGBoost,10,0,0.8104995308319187,0.45498303222656317,0.6347243223981847,"{""learning_rate"": 0.1, ""max_depth"": 5, ""subsample"": 0.7}"
GPR3mm,XGBoost,10,1,0.5846635031649112,0.37026568603515725,0.46697069384956663,"{""learning_rate"": 0.1, ""max_depth"": 5, ""subsample"": 0.7}"
GPR3mm,XGBoost,10,2,0.9484686232121996,0.3045348510742184,0.3951237238187992,"{""learning_rate"": 0.1, ""max_depth"": 5, ""subsample"": 1.0}"
GPR3mm,XGBoost,10,3,0.5560165629701844,0.8979575805664075,1.6071459309174938,"{""learning_rate"": 0.03, ""max_depth"": 2, ""subsample"": 0.7}"
GPR3mm,XGBoost,10,4,0.2013375939216958,0.6255403518676766,1.3889163477383593,"{""learning_rate"": 0.1, ""max_depth"": 3, ""subsample"": 1.0}"
GPR3mm,XGBoost,10,5,0.577655608936261,0.31205285644531217,0.42081743523226506,"{""learning_rate"": 0.03, ""max_depth"": 3, ""subsample"": 0.7}"
GPR3mm,XGBoost,10,6,0.4415200812938771,1.0000639038085957,1.849200169630683,"{""learning_rate"": 0.03, ""max_depth"": 2, ""subsample"": 1.0}"
GPR3mm,XGBoost,10,7,0.8958169454468783,0.34040136718750036,0.59453533745929,"{""learning_rate"": 0.1, ""max_depth"": 5, ""subsample"": 0.7}"
GPR3mm,XGBoost,10,8,0.8209981057887538,0.5217362060546873,0.8263079482126368,"{""learning_rate"": 0.03, ""max_depth"": 2, ""subsample"": 1.0}"
GPR3mm,XGBoost,10,9,-0.6529115125055722,0.5493749618530271,0.9572977117315985,"{""learning_rate"": 0.03, ""max_depth"": 3, ""subsample"": 0.7}"
GPR3mm,XGBoost,10,10,0.912660645129297,0.4171575317382821,0.5649489788651586,"{""learning_rate"": 0.03, ""max_depth"": 2, ""subsample"": 0.7}"
GPR3mm,XGBoost,10,11,0.7413534825343264,0.5978699340820316,1.0342929934201563,"{""learning_rate"": 0.03, ""max_depth"": 5, ""subsample"": 0.7}"
GPR3mm,XGBoost,10,12,0.34821867308529997,0.6698940429687508,1.2538327482237237,"{""learning_rate"": 0.03, ""max_depth"": 3, ""subsample"": 1.0}"
GPR3mm,XGBoost,10,13,0.41218534244843263,0.5357669677734367,1.4082286600275882,"{""learning_rate"": 0.03, ""max_depth"": 5, ""subsample"": 0.7}"
GPR3mm,XGBoost,10,14,0.47064965893588906,0.5054118474324554,0.9776685429705453,"{""learning_rate"": 0.03, ""max_depth"": 3, ""subsample"": 0.7}"
GPR3mm,XGBoost,10,15,0.655599130470665,0.6288502197265615,1.3083531787147376,"{""learning_rate"": 0.1, ""max_depth"": 3, ""subsample"": 1.0}"
GPR3mm,XGBoost,10,16,0.8806333528997367,0.41766882324218896,0.5847682713241379,"{""learning_rate"": 0.03, ""max_depth"": 3, ""subsample"": 1.0}"
GPR3mm,XGBoost,10,17,0.8794258751962187,0.4381182250976559,0.6270219541963334,"{""learning_rate"": 0.03, ""max_depth"": 5, ""subsample"": 1.0}"
GPR3mm,XGBoost,10,18,0.8693897348330454,0.37701080322265684,0.5346655120839333,"{""learning_rate"": 0.1, ""max_depth"": 5, ""subsample"": 0.7}"
GPR3mm,XGBoost,10,19,-0.09352827310213341,0.6180591583251953,1.4608910567427675,"{""learning_rate"": 0.03, ""max_depth"": 5, ""subsample"": 1.0}"
GPR3mm,XGBoost,10,20,0.8292475530912727,0.4025167236328133,0.6113139187403759,"{""learning_rate"": 0.03, ""max_depth"": 3, ""subsample"": 0.7}"
GPR3mm,XGBoost,10,21,0.429501812160864,0.6934628295898455,1.5618739549656842,"{""learning_rate"": 0.03, ""max_depth"": 2, ""subsample"": 1.0}"
GPR3mm,XGBoost,10,22,0.9161266540852361,0.36169622802734464,0.5021842635158711,"{""learning_rate"": 0.03, ""max_depth"": 3, ""subsample"": 0.7}"
GPR3mm,XGBoost,10,23,0.3787942725175387,0.6313154296875007,1.1698296066976608,"{""learning_rate"": 0.03, ""max_depth"": 3, ""subsample"": 1.0}"
GPR3mm,XGBoost,10,24,0.6389023649798986,0.56074473063151,1.185502348336627,"{""learning_rate"": 0.03, ""max_depth"": 5, ""subsample"": 0.7}"
GPR3mm,MLP,10,0,0.22611412021409605,0.7662194851949431,1.282680395987542,"{""model__alpha"": 1.0, ""model__hidden_layer_sizes"": [32]}"
GPR3mm,MLP,10,1,0.4803118707596852,0.4137287865006465,0.5223492513312019,"{""model__alpha"": 1.0, ""model__hidden_layer_sizes"": [32]}"
GPR3mm,MLP,10,2,0.9321617177353135,0.3153706195448791,0.4533510798477921,"{""model__alpha"": 1.0, ""model__hidden_layer_sizes"": [32]}"
GPR3mm,MLP,10,3,0.4728472771042682,1.0561873163808133,1.7512177707864356,"{""model__alpha"": 1.0, ""model__hidden_layer_sizes"": [16]}"
GPR3mm,MLP,10,4,0.24463720321294458,0.6770528605102276,1.3507415647717198,"{""model__alpha"": 1.0, ""model__hidden_layer_sizes"": [16]}"
GPR3mm,MLP,10,5,-1.5604190679653156,0.653696926576277,1.0361339071382547,"{""model__alpha"": 1.0, ""model__hidden_layer_sizes"": [32, 16]}"
GPR3mm,MLP,10,6,0.4469789984261402,1.086692168841364,1.8401403814548116,"{""model__alpha"": 1.0, ""model__hidden_layer_sizes"": [32]}"
GPR3mm,MLP,10,7,0.8694866214459248,0.46590757301450764,0.665436541496082,"{""model__alpha"": 1.0, ""model__hidden_layer_sizes"": [32]}"
GPR3mm,MLP,10,8,0.7697302291517666,0.6330057904475968,0.9371984922755167,"{""model__alpha"": 1.0, ""model__hidden_layer_sizes"": [32]}"
GPR3mm,MLP,10,9,-0.16932758903692458,0.5080049785940185,0.8051750645983407,"{""model__alpha"": 1.0, ""model__hidden_layer_sizes"": [32]}"
GPR3mm,MLP,10,10,0.9011497019673196,0.4511844646106994,0.6010259584340376,"{""model__alpha"": 1.0, ""model__hidden_layer_sizes"": [32]}"
GPR3mm,MLP,10,11,0.7419923404684339,0.6628570667868837,1.0330148497589757,"{""model__alpha"": 1.0, ""model__hidden_layer_sizes"": [32]}"
GPR3mm,MLP,10,12,0.5008836111685757,0.7596289226763804,1.0972095195820144,"{""model__alpha"": 1.0, ""model__hidden_layer_sizes"": [32]}"
GPR3mm,MLP,10,13,0.28078756676211925,0.6376441987772966,1.557691917281755,"{""model__alpha"": 1.0, ""model__hidden_layer_sizes"": [32]}"
GPR3mm,MLP,10,14,0.10101877725613229,0.8995993405108139,1.2740760543451009,"{""model__alpha"": 1.0, ""model__hidden_layer_sizes"": [32]}"
GPR3mm,MLP,10,15,0.7869122592712715,0.6551113841062169,1.029134427032089,"{""model__alpha"": 1.0, ""model__hidden_layer_sizes"": [32]}"
GPR3mm,MLP,10,16,0.7807821486859813,0.5618878405970276,0.7924653118603473,"{""model__alpha"": 1.0, ""model__hidden_layer_sizes"": [32]}"
GPR3mm,MLP,10,17,0.7283637689699745,0.6890595442788231,0.9411298237036848,"{""model__alpha"": 1.0, ""model__hidden_layer_sizes"": [32, 16]}"
GPR3mm,MLP,10,18,0.7292088083694157,0.5647912731164257,0.7698582754550523,"{""model__alpha"": 1.0, ""model__hidden_layer_sizes"": [32]}"
GPR3mm,MLP,10,19,-0.5898920425894885,0.9107165696188719,1.761516194396319,"{""model__alpha"": 1.0, ""model__hidden_layer_sizes"": [32]}"
GPR3mm,MLP,10,20,0.6024646155292546,0.733898908229898,0.9327574184124438,"{""model__alpha"": 1.0, ""model__hidden_layer_sizes"": [32]}"
GPR3mm,MLP,10,21,0.4588621045491055,0.6840796623383124,1.521152734260445,"{""model__alpha"": 1.0, ""model__hidden_layer_sizes"": [32]}"
GPR3mm,MLP,10,22,0.8286091760208025,0.5405935313520865,0.7178685027826947,"{""model__alpha"": 1.0, ""model__hidden_layer_sizes"": [16]}"
GPR3mm,MLP,10,23,0.6427742911189794,0.594090543998472,0.8871074699538246,"{""model__alpha"": 1.0, ""model__hidden_layer_sizes"": [32]}"
GPR3mm,MLP,10,24,0.5987759086942553,0.813858551841097,1.249636200262649,"{""model__alpha"": 1.0, ""model__hidden_layer_sizes"": [32]}"
GPR3mm,Dummy,15,0,-0.04763224121914722,1.0275555555555553,1.492397193349026,{}
GPR3mm,Dummy,15,1,-0.8522779890803518,0.9426262626262849,0.9861492782225837,{}
GPR3mm,Dummy,15,2,-0.006737203098291511,1.1161212121212105,1.7464465241419747,{}
GPR3mm,Dummy,15,3,-0.3394414637872267,1.7870707070707055,2.791475355386212,{}
GPR3mm,Dummy,15,4,-0.03335322690779319,1.02950000000001,1.5798609643467596,{}
GPR3mm,Dummy,15,5,-1.3925275385732294,0.954181818181824,1.0015873535611366,{}
GPR3mm,Dummy,15,6,-0.1471896162659181,1.5760000000000058,2.650316542939298,{}
GPR3mm,Dummy,15,7,-0.006875035320298872,1.181818181818183,1.848276391624022,{}
GPR3mm,Dummy,15,8,-0.013613869013502589,1.2283636363636372,1.966298233220257,{}
GPR3mm,Dummy,15,9,-0.6140974354157309,0.8705833333333466,0.945991190938562,{}
GPR3mm,Dummy,15,10,-0.0004943933230106001,1.1578181818181787,1.9121042543016427,{}
GPR3mm,Dummy,15,11,-0.0443486897973735,1.3280808080808095,2.0783229251013764,{}
GPR3mm,Dummy,15,12,-0.002192892287872228,1.0021818181818207,1.554763408431761,{}
GPR3mm,Dummy,15,13,-0.005231271556933592,1.218909090909097,1.8415604035508981,{}
GPR3mm,Dummy,15,14,-0.041426150162971576,0.9939166666666696,1.3713057038214842,{}
GPR3mm,Dummy,15,15,-0.059434356133371447,1.4215757575757635,2.2947210549272694,{}
GPR3mm,Dummy,15,16,-0.0013726139918870395,1.1327676767676786,1.6937143137839588,{}
GPR3mm,Dummy,15,17,-0.005399387715634418,1.135272727272736,1.8106103404990046,{}
GPR3mm,Dummy,15,18,-0.026994682074800824,1.031111111111104,1.499262274799125,{}
GPR3mm,Dummy,15,19,-0.07476891545687625,0.9853333333333367,1.4483061370672548,{}
GPR3mm,Dummy,15,20,-0.000486979503527607,0.9644444444444411,1.479743826361142,{}
GPR3mm,Dummy,15,21,-0.0024630846072579704,1.3964444444444468,2.07039420154246,{}
GPR3mm,Dummy,15,22,-0.0007508652512144831,1.0974545454545461,1.734658954844874,{}
GPR3mm,Dummy,15,23,-0.03639385110532123,1.0075151515151486,1.511009854545164,{}
GPR3mm,Dummy,15,24,-0.007498338411029426,1.231250000000004,1.9802146348312852,{}
GPR3mm,Ridge,15,0,0.5788629985834091,0.7690388551968681,0.9462190691481814,"{""model__alpha"": 10.0}"
GPR3mm,Ridge,15,1,-0.7148203588059907,0.8222747052857909,0.9488529096028302,"{""model__alpha"": 10.0}"
GPR3mm,Ridge,15,2,0.5635076766492149,0.728499404465253,1.1499674249004772,"{""model__alpha"": 100.0}"
GPR3mm,Ridge,15,3,0.09759853159599674,1.5043738571742835,2.291246556481239,"{""model__alpha"": 100.0}"
GPR3mm,Ridge,15,4,0.14100974753250306,1.0891985716295611,1.4404181543180372,"{""model__alpha"": 1.0}"
GPR3mm,Ridge,15,5,-1.4992649876655482,0.8762725780218483,1.0236854068844659,"{""model__alpha"": 10.0}"
GPR3mm,Ridge,15,6,0.1361403061536598,1.4116762033640464,2.2998618500419306,"{""model__alpha"": 100.0}"
GPR3mm,Ridge,15,7,0.5096057841242804,0.8148036043938441,1.2898873964897648,"{""model__alpha"": 100.0}"
GPR3mm,Ridge,15,8,0.6925728556279467,0.8460708338761986,1.0828896986733043,"{""model__alpha"": 10.0}"
GPR3mm,Ridge,15,9,-0.6166049755057519,0.8103715271097224,0.9467257160718782,"{""model__alpha"": 1.0}"
GPR3mm,Ridge,15,10,0.6517625962087625,0.9357559095037954,1.1280853164636337,"{""model__alpha"": 10.0}"
GPR3mm,Ridge,15,11,0.4564439258253171,1.0027133025234263,1.4993825138324413,"{""model__alpha"": 100.0}"
GPR3mm,Ridge,15,12,0.33585575902343634,0.8498895059667325,1.2656681671099541,"{""model__alpha"": 10.0}"
GPR3mm,Ridge,15,13,0.197014684387386,0.9104689464414923,1.6459126183795476,"{""model__alpha"": 1.0}"
GPR3mm,Ridge,15,14,0.2299515853485935,0.9759370505420369,1.1791771603084962,"{""model__alpha"": 1.0}"
GPR3mm,Ridge,15,15,0.5536825031669153,1.0097157209568672,1.489411938296242,"{""model__alpha"": 10.0}"
GPR3mm,Ridge,15,16,0.5365470274363551,1.0007465463051652,1.1522458135355005,"{""model__alpha"": 10.0}"
GPR3mm,Ridge,15,17,0.5331590329886079,0.8183497525347514,1.2337869380480226,"{""model__alpha"": 100.0}"
GPR3mm,Ridge,15,18,0.5935311186914569,0.7242965311094963,0.943207329485694,"{""model__alpha"": 10.0}"
GPR3mm,Ridge,15,19,-0.73954973504808,1.181063694168407,1.8425583390769953,"{""model__alpha"": 1.0}"
GPR3mm,Ridge,15,20,0.32297780070347826,1.0294126305640277,1.2172569723963733,"{""model__alpha"": 1.0}"
GPR3mm,Ridge,15,21,0.2124759577735934,1.027616340222832,1.8350620710374126,"{""model__alpha"": 100.0}"
GPR3mm,Ridge,15,22,0.6320827229928716,0.9291577969289255,1.0517831439173204,"{""model__alpha"": 10.0}"
GPR3mm,Ridge,15,23,0.5575240664097358,0.7564274612951926,0.987301302681682,"{""model__alpha"": 10.0}"
GPR3mm,Ridge,15,24,0.38805665891936325,0.9958136390137486,1.5432834654553664,"{""model__alpha"": 100.0}"
GPR3mm,SVR,15,0,0.7474245494779519,0.5526098147720608,0.7327833012580641,"{""model__C"": 10, ""model__epsilon"": 0.1, ""model__gamma"": 0.03}"
GPR3mm,SVR,15,1,0.5163800658926365,0.38035649603313515,0.5038968865599236,"{""model__C"": 10, ""model__epsilon"": 0.1, ""model__gamma"": 0.03}"
GPR3mm,SVR,15,2,0.7959973722566676,0.6163692415115708,0.786167550322052,"{""model__C"": 10, ""model__epsilon"": 0.1, ""model__gamma"": 0.1}"
GPR3mm,SVR,15,3,0.488559691598481,1.0098218465301005,1.7249217774022914,"{""model__C"": 10, ""model__epsilon"": 0.1, ""model__gamma"": 0.03}"
GPR3mm,SVR,15,4,0.5472285847300635,0.5376343385683645,1.0457646781271632,"{""model__C"": 10, ""model__epsilon"": 0.1, ""model__gamma"": 0.03}"
GPR3mm,SVR,15,5,0.15536574081484933,0.4644725380554706,0.5951065168012337,"{""model__C"": 10, ""model__epsilon"": 0.1, ""model__gamma"": 0.03}"
GPR3mm,SVR,15,6,0.43859174722479943,1.0778964267328894,1.8540418800233185,"{""model__C"": 10, ""model__epsilon"": 0.1, ""model__gamma"": 0.03}"
GPR3mm,SVR,15,7,0.8448845259141282,0.5152209316561692,0.7254486752889875,"{""model__C"": 10, ""model__epsilon"": 0.1, ""model__gamma"": 0.03}"
GPR3mm,SVR,15,8,0.766818554647658,0.6890037999176758,0.9431051400305128,"{""model__C"": 10, ""model__epsilon"": 0.1, ""model__gamma"": ""scale""}"
GPR3mm,SVR,15,9,0.5844416957592201,0.3620674988472666,0.4799966443373974,"{""model__C"": 10, ""model__epsilon"": 0.1, ""model__gamma"": 0.03}"
GPR3mm,SVR,15,10,0.8895839230380597,0.4950915559842264,0.6352144874141251,"{""model__C"": 10, ""model__epsilon"": 0.1, ""model__gamma"": 0.03}"
GPR3mm,SVR,15,11,0.8411802861028657,0.5748038738267269,0.8104803123324764,"{""model__C"": 10, ""model__epsilon"": 0.1, ""model__gamma"": 0.03}"
GPR3mm,SVR,15,12,0.4619613032636889,0.6967979694961542,1.1391880163203885,"{""model__C"": 10, ""model__epsilon"": 0.1, ""model__gamma"": 0.03}"
GPR3mm,SVR,15,13,0.3162506194008132,0.6178079531553016,1.518802999183883,"{""model__C"": 10, ""model__epsilon"": 0.1, ""model__gamma"": 0.03}"
GPR3mm,SVR,15,14,0.7607581735921803,0.537909955487096,0.6572621115806169,"{""model__C"": 10, ""model__epsilon"": 0.1, ""model__gamma"": 0.03}"
GPR3mm,SVR,15,15,0.7518859015443715,0.6597048644105876,1.1105000835936734,"{""model__C"": 10, ""model__epsilon"": 0.1, ""model__gamma"": 0.03}"
GPR3mm,SVR,15,16,0.6735604312216353,0.6042012944769869,0.967038357307433,"{""model__C"": 10, ""model__epsilon"": 0.1, ""model__gamma"": ""scale""}"
GPR3mm,SVR,15,17,0.8627371760243364,0.5190408357602274,0.6690092967879762,"{""model__C"": 10, ""model__epsilon"": 0.1, ""model__gamma"": 0.03}"
GPR3mm,SVR,15,18,0.7616459331833851,0.5334531602170898,0.7222786854516702,"{""model__C"": 10, ""model__epsilon"": 0.1, ""model__gamma"": 0.03}"
GPR3mm,SVR,15,19,-0.2303400167112195,0.7921361342318208,1.5495849764635046,"{""model__C"": 10, ""model__epsilon"": 0.1, ""model__gamma"": 0.1}"
GPR3mm,SVR,15,20,0.7176898771816609,0.6438838081537273,0.7860389044807323,"{""model__C"": 10, ""model__epsilon"": 0.1, ""model__gamma"": 0.03}"
GPR3mm,SVR,15,21,0.412148791524672,0.6689163489397799,1.5854500204801492,"{""model__C"": 10, ""model__epsilon"": 0.1, ""model__gamma"": 0.03}"
GPR3mm,SVR,15,22,0.8914279562673801,0.43420367645511704,0.5713603800952092,"{""model__C"": 10, ""model__epsilon"": 0.1, ""model__gamma"": 0.03}"
GPR3mm,SVR,15,23,0.8045697428717739,0.4690100650108673,0.6561464517371952,"{""model__C"": 10, ""model__epsilon"": 0.1, ""model__gamma"": 0.03}"
GPR3mm,SVR,15,24,0.6769633644499302,0.6471401617944957,1.121284931230942,"{""model__C"": 10, ""model__epsilon"": 0.1, ""model__gamma"": 0.03}"
GPR3mm,RandomForest,15,0,0.7282291829726606,0.5087685476190166,0.7601186806460238,"{""max_depth"": null, ""max_features"": 1.0, ""min_samples_leaf"": 1}"
GPR3mm,RandomForest,15,1,0.2056483878839871,0.5357684761903669,0.6457969191623615,"{""max_depth"": null, ""max_features"": ""sqrt"", ""min_samples_leaf"": 1}"
GPR3mm,RandomForest,15,2,0.9524783566649007,0.30997400759897004,0.3794398661622032,"{""max_depth"": 5, ""max_features"": 1.0, ""min_samples_leaf"": 1}"
GPR3mm,RandomForest,15,3,0.6150672264507604,0.8613839999999846,1.4964574512494695,"{""max_depth"": null, ""max_features"": ""sqrt"", ""min_samples_leaf"": 1}"
GPR3mm,RandomForest,15,4,0.16142809390041257,0.6562142358113269,1.4231956997023774,"{""max_depth"": 5, ""max_features"": 1.0, ""min_samples_leaf"": 1}"
GPR3mm,RandomForest,15,5,0.4029628754924419,0.4075378214285428,0.5003351658213934,"{""max_depth"": null, ""max_features"": 1.0, ""min_samples_leaf"": 1}"
GPR3mm,RandomForest,15,6,0.39870126543493545,1.0122617535276504,1.9187804666018358,"{""max_depth"": 5, ""max_features"": 1.0, ""min_samples_leaf"": 1}"
GPR3mm,RandomForest,15,7,0.8819421680905803,0.43731185714280857,0.6328875193130921,"{""max_depth"": null, ""max_features"": ""sqrt"", ""min_samples_leaf"": 1}"
GPR3mm,RandomForest,15,8,0.8828549492333799,0.5159168095238243,0.668459483921199,"{""max_depth"": null, ""max_features"": ""sqrt"", ""min_samples_leaf"": 1}"
GPR3mm,RandomForest,15,9,0.5145573411252311,0.43373811064309226,0.5187895117343034,"{""max_depth"": 10, ""max_features"": ""sqrt"", ""min_samples_leaf"": 1}"
GPR3mm,RandomForest,15,10,0.9082390307757384,0.4179295014706588,0.5790728911208946,"{""max_depth"": 5, ""max_features"": 1.0, ""min_samples_leaf"": 1}"
GPR3mm,RandomForest,15,11,0.8115961637354527,0.6204182463024296,0.8827447347847328,"{""max_depth"": 5, ""max_features"": 1.0, ""min_samples_leaf"": 1}"
GPR3mm,RandomForest,15,12,0.2688187492362517,0.6676447002190349,1.32800947919891,"{""max_depth"": 10, ""max_features"": 1.0, ""min_samples_leaf"": 1}"
GPR3mm,RandomForest,15,13,0.3962254854401319,0.5979951147556892,1.4272181559497388,"{""max_depth"": 5, ""max_features"": 1.0, ""min_samples_leaf"": 1}"
GPR3mm,RandomForest,15,14,0.8619985912778851,0.41019490608619336,0.4991853174896469,"{""max_depth"": 10, ""max_features"": 1.0, ""min_samples_leaf"": 1}"
GPR3mm,RandomForest,15,15,0.592429571950358,0.6889396916881145,1.4232926512388615,"{""max_depth"": 10, ""max_features"": 1.0, ""min_samples_leaf"": 1}"
GPR3mm,RandomForest,15,16,0.8300743445535126,0.5178487857142358,0.69770491074748,"{""max_depth"": null, ""max_features"": ""sqrt"", ""min_samples_leaf"": 1}"
GPR3mm,RandomForest,15,17,0.8335608197592205,0.5569707166554343,0.7366877905651967,"{""max_depth"": 5, ""max_features"": 1.0, ""min_samples_leaf"": 1}"
GPR3mm,RandomForest,15,18,0.8230215490010193,0.44463173792615124,0.6223772518459151,"{""max_depth"": 10, ""max_features"": 1.0, ""min_samples_leaf"": 1}"
GPR3mm,RandomForest,15,19,0.06482048752504899,0.6723952504959291,1.3509843381205235,"{""max_depth"": null, ""max_features"": ""sqrt"", ""min_samples_leaf"": 1}"
GPR3mm,RandomForest,15,20,0.8954905114945514,0.36349872559234425,0.47825407297303896,"{""max_depth"": 10, ""max_features"": 1.0, ""min_samples_leaf"": 1}"
GPR3mm,RandomForest,15,21,0.539581360707909,0.6871031428570791,1.4031215562498438,"{""max_depth"": null, ""max_features"": ""sqrt"", ""min_samples_leaf"": 1}"
GPR3mm,RandomForest,15,22,0.8583182949581694,0.4651622606754898,0.6526915686696865,"{""max_depth"": 5, ""max_features"": 1.0, ""min_samples_leaf"": 1}"
GPR3mm,RandomForest,15,23,0.8146830546051494,0.5251485000000116,0.6389434897533323,"{""max_depth"": null, ""max_features"": ""sqrt"", ""min_samples_leaf"": 1}"
GPR3mm,RandomForest,15,24,0.5156611834776714,0.6229610568735785,1.372981655672405,"{""max_depth"": 5, ""max_features"": 1.0, ""min_samples_leaf"": 1}"
GPR3mm,XGBoost,15,0,0.7877998613275714,0.471649169921875,0.6716651692736233,"{""learning_rate"": 0.1, ""max_depth"": 3, ""subsample"": 0.7}"
GPR3mm,XGBoost,15,1,0.5050814810053212,0.40250610351562555,0.5097490564156665,"{""learning_rate"": 0.1, ""max_depth"": 5, ""subsample"": 0.7}"
GPR3mm,XGBoost,15,2,0.9482564447996622,0.3143998413085927,0.39593634137633316,"{""learning_rate"": 0.03, ""max_depth"": 5, ""subsample"": 1.0}"
GPR3mm,XGBoost,15,3,0.5730037123590443,0.8233775024414064,1.5761007591458187,"{""learning_rate"": 0.1, ""max_depth"": 3, ""subsample"": 0.7}"
GPR3mm,XGBoost,15,4,0.22753843090816683,0.5572149912516284,1.3659440462745047,"{""learning_rate"": 0.03, ""max_depth"": 3, ""subsample"": 1.0}"
GPR3mm,XGBoost,15,5,0.49134197501652443,0.34372503662109294,0.4618206093749731,"{""learning_rate"": 0.1, ""max_depth"": 3, ""subsample"": 0.7}"
GPR3mm,XGBoost,15,6,0.4341025735731261,0.9605410156250014,1.8614398329669086,"{""learning_rate"": 0.03, ""max_depth"": 2, ""subsample"": 0.7}"
GPR3mm,XGBoost,15,7,0.9097773437553766,0.3569121704101559,0.5532697607015574,"{""learning_rate"": 0.1, ""max_depth"": 5, ""subsample"": 0.7}"
GPR3mm,XGBoost,15,8,0.8023688978437288,0.5186906127929682,0.8682419455801943,"{""learning_rate"": 0.03, ""max_depth"": 2, ""subsample"": 1.0}"
GPR3mm,XGBoost,15,9,-0.629176666403513,0.5208591461181639,0.9503997408400449,"{""learning_rate"": 0.03, ""max_depth"": 3, ""subsample"": 0.7}"
GPR3mm,XGBoost,15,10,0.9422199514246681,0.33431378173828136,0.4595081191780884,"{""learning_rate"": 0.03, ""max_depth"": 3, ""subsample"": 0.7}"
GPR3mm,XGBoost,15,11,0.7682070003771106,0.5709360351562504,0.9791301478558769,"{""learning_rate"": 0.03, ""max_depth"": 5, ""subsample"": 0.7}"
GPR3mm,XGBoost,15,12,0.37937563989013434,0.6692130126953129,1.2234974281072255,"{""learning_rate"": 0.1, ""max_depth"": 2, ""subsample"": 1.0}"
GPR3mm,XGBoost,15,13,0.4036255043724919,0.5554858398437494,1.4184450114123373,"{""learning_rate"": 0.03, ""max_depth"": 3, ""subsample"": 0.7}"
GPR3mm,XGBoost,15,14,0.2938459229056043,0.5305875778198251,1.1291971636130467,"{""learning_rate"": 0.1, ""max_depth"": 3, ""subsample"": 0.7}"
GPR3mm,XGBoost,15,15,0.6015885917523793,0.6149337158203122,1.407209495854774,"{""learning_rate"": 0.03, ""max_depth"": 5, ""subsample"": 1.0}"
GPR3mm,XGBoost,15,16,0.9021588629179449,0.3833945312500015,0.5294232972583457,"{""learning_rate"": 0.1, ""max_depth"": 3, ""subsample"": 0.7}"
GPR3mm,XGBoost,15,17,0.868748750142514,0.49202709960937513,0.6541952884386315,"{""learning_rate"": 0.03, ""max_depth"": 3, ""subsample"": 0.7}"
GPR3mm,XGBoost,15,18,0.8645309024772845,0.39879046630859366,0.5445197476899784,"{""learning_rate"": 0.1, ""max_depth"": 3, ""subsample"": 0.7}"
GPR3mm,XGBoost,15,19,0.010566573286972858,0.5401411056518555,1.3896201775311103,"{""learning_rate"": 0.1, ""max_depth"": 5, ""subsample"": 0.7}"
GPR3mm,XGBoost,15,20,0.8491605009736787,0.4013284301757807,0.5745639280541638,"{""learning_rate"": 0.1, ""max_depth"": 3, ""subsample"": 0.7}"
GPR3mm,XGBoost,15,21,0.4819558493387458,0.6089010009765633,1.4883402797168146,"{""learning_rate"": 0.1, ""max_depth"": 3, ""subsample"": 0.7}"
GPR3mm,XGBoost,15,22,0.9087257188617446,0.3780936279296884,0.5238721677451555,"{""learning_rate"": 0.03, ""max_depth"": 3, ""subsample"": 0.7}"
GPR3mm,XGBoost,15,23,0.48041370673513417,0.591186584472656,1.0698766910216626,"{""learning_rate"": 0.03, ""max_depth"": 3, ""subsample"": 1.0}"
GPR3mm,XGBoost,15,24,0.5812221929717334,0.5922044754028318,1.2766796202088297,"{""learning_rate"": 0.03, ""max_depth"": 3, ""subsample"": 1.0}"
GPR3mm,MLP,15,0,0.5021618202256136,0.678430115640927,1.0287837502553538,"{""model__alpha"": 1.0, ""model__hidden_layer_sizes"": [32]}"
GPR3mm,MLP,15,1,0.1468760948203114,0.5375992636845672,0.6692611786089651,"{""model__alpha"": 1.0, ""model__hidden_layer_sizes"": [32]}"
GPR3mm,MLP,15,2,0.8395669149645175,0.5429491755037487,0.6971788451616562,"{""model__alpha"": 1.0, ""model__hidden_layer_sizes"": [32]}"
GPR3mm,MLP,15,3,0.5294849943479806,0.9074495633168346,1.6544691284158768,"{""model__alpha"": 1.0, ""model__hidden_layer_sizes"": [32]}"
GPR3mm,MLP,15,4,0.24801119245511982,0.8125994651090777,1.347721500729825,"{""model__alpha"": 1.0, ""model__hidden_layer_sizes"": [32, 16]}"
GPR3mm,MLP,15,5,-1.751660264644038,0.7021654052555875,1.0741322741283716,"{""model__alpha"": 1.0, ""model__hidden_layer_sizes"": [32]}"
GPR3mm,MLP,15,6,0.48673377981400157,1.0389432048981506,1.7727662912213051,"{""model__alpha"": 1.0, ""model__hidden_layer_sizes"": [32]}"
GPR3mm,MLP,15,7,0.8725414201543817,0.48609829388666925,0.6576028206297584,"{""model__alpha"": 1.0, ""model__hidden_layer_sizes"": [32]}"
GPR3mm,MLP,15,8,0.8244429839620445,0.641757323141573,0.8183182033751769,"{""model__alpha"": 1.0, ""model__hidden_layer_sizes"": [32]}"
GPR3mm,MLP,15,9,0.6377714987861395,0.32042431211346845,0.4481398123668615,"{""model__alpha"": 1.0, ""model__hidden_layer_sizes"": [32]}"
GPR3mm,MLP,15,10,0.8581116925581944,0.5652608279528301,0.7200746835319644,"{""model__alpha"": 1.0, ""model__hidden_layer_sizes"": [32, 16]}"
GPR3mm,MLP,15,11,0.5468804622055016,0.9041044442424839,1.368978600387182,"{""model__alpha"": 1.0, ""model__hidden_layer_sizes"": [32]}"
GPR3mm,MLP,15,12,0.5486434348536839,0.7077478262475626,1.0433944772390324,"{""model__alpha"": 1.0, ""model__hidden_layer_sizes"": [32]}"
GPR3mm,MLP,15,13,0.3165384878290378,0.568472610835368,1.5184832464552023,"{""model__alpha"": 1.0, ""model__hidden_layer_sizes"": [32]}"
GPR3mm,MLP,15,14,0.47784260058366335,0.7357785851627879,0.9710034243085907,"{""model__alpha"": 1.0, ""model__hidden_layer_sizes"": [32]}"
GPR3mm,MLP,15,15,0.7030774549181733,0.7488917295022071,1.2148270720690362,"{""model__alpha"": 1.0, ""model__hidden_layer_sizes"": [32]}"
GPR3mm,MLP,15,16,0.6961928314130326,0.648935852890296,0.9329133576646633,"{""model__alpha"": 1.0, ""model__hidden_layer_sizes"": [32, 16]}"
GPR3mm,MLP,15,17,0.5955670809498338,0.7662889155652226,1.1483623282216087,"{""model__alpha"": 1.0, ""model__hidden_layer_sizes"": [32]}"
GPR3mm,MLP,15,18,0.778138373056471,0.5261941275794794,0.6968424716805156,"{""model__alpha"": 1.0, ""model__hidden_layer_sizes"": [32]}"
GPR3mm,MLP,15,19,-0.2456145675715291,0.8789129516519623,1.5591742785986984,"{""model__alpha"": 1.0, ""model__hidden_layer_sizes"": [16]}"
GPR3mm,MLP,15,20,0.5734600764086908,0.7544830908281307,0.9661858205406315,"{""model__alpha"": 1.0, ""model__hidden_layer_sizes"": [32, 16]}"
GPR3mm,MLP,15,21,0.4957085776603436,0.7108043696210865,1.4684516069398994,"{""model__alpha"": 1.0, ""model__hidden_layer_sizes"": [32]}"
GPR3mm,MLP,15,22,0.7196601059351907,0.6952975327357013,0.9181075688805558,"{""model__alpha"": 1.0, ""model__hidden_layer_sizes"": [32, 16]}"
GPR3mm,MLP,15,23,0.7255884785742251,0.6231759248342393,0.7775101258661962,"{""model__alpha"": 1.0, ""model__hidden_layer_sizes"": [32]}"
GPR3mm,MLP,15,24,0.5288029542341852,0.8165712482649662,1.3542267122002747,"{""model__alpha"": 1.0, ""model__hidden_layer_sizes"": [32]}"
GPR3mm,Dummy,31,0,-0.04763224121914722,1.0275555555555553,1.492397193349026,{}
GPR3mm,Dummy,31,1,-0.8522779890803518,0.9426262626262849,0.9861492782225837,{}
GPR3mm,Dummy,31,2,-0.006737203098291511,1.1161212121212105,1.7464465241419747,{}
GPR3mm,Dummy,31,3,-0.3394414637872267,1.7870707070707055,2.791475355386212,{}
GPR3mm,Dummy,31,4,-0.03335322690779319,1.02950000000001,1.5798609643467596,{}
GPR3mm,Dummy,31,5,-1.3925275385732294,0.954181818181824,1.0015873535611366,{}
GPR3mm,Dummy,31,6,-0.1471896162659181,1.5760000000000058,2.650316542939298,{}
GPR3mm,Dummy,31,7,-0.006875035320298872,1.181818181818183,1.848276391624022,{}
GPR3mm,Dummy,31,8,-0.013613869013502589,1.2283636363636372,1.966298233220257,{}
GPR3mm,Dummy,31,9,-0.6140974354157309,0.8705833333333466,0.945991190938562,{}
GPR3mm,Dummy,31,10,-0.0004943933230106001,1.1578181818181787,1.9121042543016427,{}
GPR3mm,Dummy,31,11,-0.0443486897973735,1.3280808080808095,2.0783229251013764,{}
GPR3mm,Dummy,31,12,-0.002192892287872228,1.0021818181818207,1.554763408431761,{}
GPR3mm,Dummy,31,13,-0.005231271556933592,1.218909090909097,1.8415604035508981,{}
GPR3mm,Dummy,31,14,-0.041426150162971576,0.9939166666666696,1.3713057038214842,{}
GPR3mm,Dummy,31,15,-0.059434356133371447,1.4215757575757635,2.2947210549272694,{}
GPR3mm,Dummy,31,16,-0.0013726139918870395,1.1327676767676786,1.6937143137839588,{}
GPR3mm,Dummy,31,17,-0.005399387715634418,1.135272727272736,1.8106103404990046,{}
GPR3mm,Dummy,31,18,-0.026994682074800824,1.031111111111104,1.499262274799125,{}
GPR3mm,Dummy,31,19,-0.07476891545687625,0.9853333333333367,1.4483061370672548,{}
GPR3mm,Dummy,31,20,-0.000486979503527607,0.9644444444444411,1.479743826361142,{}
GPR3mm,Dummy,31,21,-0.0024630846072579704,1.3964444444444468,2.07039420154246,{}
GPR3mm,Dummy,31,22,-0.0007508652512144831,1.0974545454545461,1.734658954844874,{}
GPR3mm,Dummy,31,23,-0.03639385110532123,1.0075151515151486,1.511009854545164,{}
GPR3mm,Dummy,31,24,-0.007498338411029426,1.231250000000004,1.9802146348312852,{}
GPR3mm,Ridge,31,0,0.5262904610961843,0.7956551813388996,1.0035431731404938,"{""model__alpha"": 10.0}"
GPR3mm,Ridge,31,1,-0.17878448127231317,0.6660441786390885,0.7866957121374917,"{""model__alpha"": 10.0}"
GPR3mm,Ridge,31,2,0.6523853189196815,0.7083882890985649,1.0262337380638598,"{""model__alpha"": 100.0}"
GPR3mm,Ridge,31,3,0.4176810562458878,1.331238356725588,1.8405702070782106,"{""model__alpha"": 10.0}"
GPR3mm,Ridge,31,4,0.30217457743183906,0.7658564685086832,1.2982784913377199,"{""model__alpha"": 10.0}"
GPR3mm,Ridge,31,5,-0.9998349819483365,0.7828187162570294,0.9157089104027601,"{""model__alpha"": 10.0}"
GPR3mm,Ridge,31,6,0.3989340949903931,1.2312057129643659,1.9184089440687944,"{""model__alpha"": 10.0}"
GPR3mm,Ridge,31,7,0.6981736844943228,0.8462660990767148,1.0119467986251367,"{""model__alpha"": 10.0}"
GPR3mm,Ridge,31,8,0.7726576578449926,0.7516591562772805,0.9312221163160055,"{""model__alpha"": 10.0}"
GPR3mm,Ridge,31,9,-0.6368804524833884,0.7011850307456834,0.9526441387190254,"{""model__alpha"": 10.0}"
GPR3mm,Ridge,31,10,0.7391060089587065,0.7623219094727489,0.976419122941515,"{""model__alpha"": 10.0}"
GPR3mm,Ridge,31,11,0.5726062843930555,0.8911526950824191,1.3295489489862058,"{""model__alpha"": 100.0}"
GPR3mm,Ridge,31,12,0.1854928011548017,0.9998186818808631,1.4016388135374311,"{""model__alpha"": 10.0}"
GPR3mm,Ridge,31,13,0.29698560992484624,0.8070786744062104,1.540050919852649,"{""model__alpha"": 10.0}"
GPR3mm,Ridge,31,14,0.4435461415995837,0.8912910251052727,1.0023851455633424,"{""model__alpha"": 10.0}"
GPR3mm,Ridge,31,15,0.5609643268108115,1.0469955471477732,1.4772118371230512,"{""model__alpha"": 10.0}"
GPR3mm,Ridge,31,16,0.629547925527965,0.817381617369419,1.030168624068274,"{""model__alpha"": 10.0}"
GPR3mm,Ridge,31,17,0.7316409612742988,0.835541376012356,0.9354354018365187,"{""model__alpha"": 10.0}"
GPR3mm,Ridge,31,18,0.5630328608120451,0.796499263098284,0.9779528237135137,"{""model__alpha"": 10.0}"
GPR3mm,Ridge,31,19,-0.6818245075052691,1.2257496622600286,1.811728685670435,"{""model__alpha"": 1.0}"
GPR3mm,Ridge,31,20,0.5587193134101567,0.8963268276898743,0.9827391922244952,"{""model__alpha"": 10.0}"
GPR3mm,Ridge,31,21,0.3527932634239729,0.9516510814099592,1.6635672531037315,"{""model__alpha"": 10.0}"
GPR3mm,Ridge,31,22,0.6226641608906683,0.8403578188000654,1.065160721985426,"{""model__alpha"": 10.0}"
GPR3mm,Ridge,31,23,0.6789128621706333,0.6610262198430337,0.841039391792553,"{""model__alpha"": 10.0}"
GPR3mm,Ridge,31,24,0.39944023538875584,1.0272151271555003,1.5288617413387036,"{""model__alpha"": 100.0}"
GPR3mm,SVR,31,0,0.7084288433480229,0.53979320362125,0.7873217981890237,"{""model__C"": 10, ""model__epsilon"": 0.1, ""model__gamma"": ""scale""}"
GPR3mm,SVR,31,1,0.5104021305688942,0.40911116658081537,0.5070016092678572,"{""model__C"": 10, ""model__epsilon"": 0.1, ""model__gamma"": 0.03}"
GPR3mm,SVR,31,2,0.8636650128487048,0.5444881634813697,0.6426890402930036,"{""model__C"": 100, ""model__epsilon"": 0.1, ""model__gamma"": ""scale""}"
GPR3mm,SVR,31,3,0.5373671889137142,0.9429310285178559,1.6405525416077291,"{""model__C"": 10, ""model__epsilon"": 0.1, ""model__gamma"": 0.03}"
GPR3mm,SVR,31,4,0.4559273483336984,0.525505852683913,1.1463649964154319,"{""model__C"": 10, ""model__epsilon"": 0.1, ""model__gamma"": 0.03}"
GPR3mm,SVR,31,5,0.1366651872935507,0.4574945932401653,0.6016584027740023,"{""model__C"": 10, ""model__epsilon"": 0.1, ""model__gamma"": ""scale""}"
GPR3mm,SVR,31,6,0.4372350097283607,1.0294740641845903,1.856280830206948,"{""model__C"": 10, ""model__epsilon"": 0.1, ""model__gamma"": 0.03}"
GPR3mm,SVR,31,7,0.8813837718679596,0.5025667313707163,0.6343824862071678,"{""model__C"": 100, ""model__epsilon"": 0.1, ""model__gamma"": ""scale""}"
GPR3mm,SVR,31,8,0.8375813665078276,0.5313422362201362,0.7871020490333784,"{""model__C"": 10, ""model__epsilon"": 0.1, ""model__gamma"": ""scale""}"
GPR3mm,SVR,31,9,0.2747645641638896,0.44569783495870513,0.6341058014405753,"{""model__C"": 10, ""model__epsilon"": 0.1, ""model__gamma"": ""scale""}"
GPR3mm,SVR,31,10,0.9064573433753031,0.4619300712503781,0.584667681370596,"{""model__C"": 10, ""model__epsilon"": 0.1, ""model__gamma"": 0.03}"
GPR3mm,SVR,31,11,0.774587140182457,0.6506288698539293,0.9655607636007996,"{""model__C"": 100, ""model__epsilon"": 0.1, ""model__gamma"": ""scale""}"
GPR3mm,SVR,31,12,0.24121607654512522,0.7853943845608239,1.3528439759902682,"{""model__C"": 10, ""model__epsilon"": 0.1, ""model__gamma"": 0.03}"
GPR3mm,SVR,31,13,0.3787726174313152,0.577522819593317,1.4476989796440576,"{""model__C"": 10, ""model__epsilon"": 0.1, ""model__gamma"": 0.03}"
GPR3mm,SVR,31,14,0.7436422298090604,0.5824904330528078,0.6803670706083687,"{""model__C"": 10, ""model__epsilon"": 0.1, ""model__gamma"": 0.03}"
GPR3mm,SVR,31,15,0.6725223211191789,0.730534858848323,1.2758033142055192,"{""model__C"": 10, ""model__epsilon"": 0.1, ""model__gamma"": 0.03}"
GPR3mm,SVR,31,16,0.6751151925179968,0.6412907998463027,0.9647327110898464,"{""model__C"": 10, ""model__epsilon"": 0.1, ""model__gamma"": 0.03}"
GPR3mm,SVR,31,17,0.8865876339446856,0.4320813330598435,0.6081152486544208,"{""model__C"": 10, ""model__epsilon"": 0.1, ""model__gamma"": ""scale""}"
GPR3mm,SVR,31,18,0.7026837436699633,0.5842459127203319,0.8066828865759936,"{""model__C"": 10, ""model__epsilon"": 0.1, ""model__gamma"": 0.03}"
GPR3mm,SVR,31,19,-0.12671521806836927,0.7430556486098029,1.4828932982281982,"{""model__C"": 10, ""model__epsilon"": 0.1, ""model__gamma"": ""scale""}"
GPR3mm,SVR,31,20,0.7359295243269979,0.5787886904016863,0.7602225367394184,"{""model__C"": 10, ""model__epsilon"": 0.1, ""model__gamma"": 0.03}"
GPR3mm,SVR,31,21,0.4650913585313121,0.6930092016306417,1.5123720940694825,"{""model__C"": 10, ""model__epsilon"": 0.1, ""model__gamma"": ""scale""}"
GPR3mm,SVR,31,22,0.8182167951179067,0.5772522298755569,0.7393124048115253,"{""model__C"": 10, ""model__epsilon"": 0.1, ""model__gamma"": 0.03}"
GPR3mm,SVR,31,23,0.8551727644556263,0.4654511000286618,0.5648459294804226,"{""model__C"": 10, ""model__epsilon"": 0.1, ""model__gamma"": 0.03}"
GPR3mm,SVR,31,24,0.5638022192354617,0.7134986035897531,1.302962217285102,"{""model__C"": 10, ""model__epsilon"": 0.1, ""model__gamma"": ""scale""}"
GPR3mm,RandomForest,31,0,0.7257502427806712,0.5679291242771068,0.763577498262081,"{""max_depth"": 10, ""max_features"": 1.0, ""min_samples_leaf"": 1}"
GPR3mm,RandomForest,31,1,0.2898059861552915,0.5213901904760939,0.610629922231792,"{""max_depth"": null, ""max_features"": ""sqrt"", ""min_samples_leaf"": 1}"
GPR3mm,RandomForest,31,2,0.9583021297063679,0.29034788577211373,0.3554300725955623,"{""max_depth"": 5, ""max_features"": 1.0, ""min_samples_leaf"": 1}"
GPR3mm,RandomForest,31,3,0.5947022394801926,0.8948739999999663,1.535532562858904,"{""max_depth"": null, ""max_features"": ""sqrt"", ""min_samples_leaf"": 1}"
GPR3mm,RandomForest,31,4,0.07012583041177511,0.7435037035847571,1.4986718865306858,"{""max_depth"": 5, ""max_features"": 1.0, ""min_samples_leaf"": 1}"
GPR3mm,RandomForest,31,5,0.39245794974950354,0.40661583218076375,0.5047176948570679,"{""max_depth"": 10, ""max_features"": 1.0, ""min_samples_leaf"": 1}"
GPR3mm,RandomForest,31,6,0.43410352892426274,0.9833908899490182,1.8614382617197818,"{""max_depth"": 5, ""max_features"": 1.0, ""min_samples_leaf"": 1}"
GPR3mm,RandomForest,31,7,0.9069124899454521,0.3992208003196083,0.5619851458117648,"{""max_depth"": 10, ""max_features"": ""sqrt"", ""min_samples_leaf"": 1}"
GPR3mm,RandomForest,31,8,0.8582156039102791,0.540664666666637,0.7354062825708191,"{""max_depth"": null, ""max_features"": ""sqrt"", ""min_samples_leaf"": 1}"
GPR3mm,RandomForest,31,9,0.4749984780177161,0.4404313244046965,0.5395137278866953,"{""max_depth"": null, ""max_features"": ""sqrt"", ""min_samples_leaf"": 1}"
GPR3mm,RandomForest,31,10,0.9002913244701296,0.4666663770325084,0.6036298555415602,"{""max_depth"": 10, ""max_features"": ""sqrt"", ""min_samples_leaf"": 1}"
GPR3mm,RandomForest,31,11,0.8415694808910027,0.601631495991777,0.8094866441361547,"{""max_depth"": 5, ""max_features"": 1.0, ""min_samples_leaf"": 1}"
GPR3mm,RandomForest,31,12,0.30454114510366637,0.7057440833332884,1.295162830693483,"{""max_depth"": null, ""max_features"": ""sqrt"", ""min_samples_leaf"": 1}"
GPR3mm,RandomForest,31,13,0.38561610253610024,0.6198074638088485,1.4397029198200484,"{""max_depth"": 5, ""max_features"": 1.0, ""min_samples_leaf"": 1}"
GPR3mm,RandomForest,31,14,0.817676994947926,0.5079976874758495,0.573773885765985,"{""max_depth"": 10, ""max_features"": ""sqrt"", ""min_samples_leaf"": 1}"
GPR3mm,RandomForest,31,15,0.5988974314990838,0.6936457997517789,1.4119541550321566,"{""max_depth"": 5, ""max_features"": 1.0, ""min_samples_leaf"": 1}"
GPR3mm,RandomForest,31,16,0.6922786623785533,0.6698061785713457,0.9389038256670988,"{""max_depth"": null, ""max_features"": ""sqrt"", ""min_samples_leaf"": 1}"
GPR3mm,RandomForest,31,17,0.8085407259010973,0.5803291356216852,0.7901215228630271,"{""max_depth"": 10, ""max_features"": 1.0, ""min_samples_leaf"": 1}"
GPR3mm,RandomForest,31,18,0.821089051010266,0.4647153042864238,0.6257660183308352,"{""max_depth"": 10, ""max_features"": 1.0, ""min_samples_leaf"": 1}"
GPR3mm,RandomForest,31,19,0.015995816353254866,0.7270464999270706,1.3858023542640923,"{""max_depth"": 10, ""max_features"": ""sqrt"", ""min_samples_leaf"": 1}"
GPR3mm,RandomForest,31,20,0.8224174242657114,0.47569349048816945,0.6234203744426763,"{""max_depth"": 10, ""max_features"": 1.0, ""min_samples_leaf"": 1}"
GPR3mm,RandomForest,31,21,0.5302327065120738,0.6686769792487388,1.4172949400016832,"{""max_depth"": 10, ""max_features"": 1.0, ""min_samples_leaf"": 1}"
GPR3mm,RandomForest,31,22,0.7943103655191089,0.5535253042147252,0.7864250135410191,"{""max_depth"": 5, ""max_features"": 1.0, ""min_samples_leaf"": 1}"
GPR3mm,RandomForest,31,23,0.8093477237320061,0.5481963435525705,0.6480759129637208,"{""max_depth"": 5, ""max_features"": 1.0, ""min_samples_leaf"": 1}"
GPR3mm,RandomForest,31,24,0.5511501694499985,0.6182333085317696,1.3217235535925707,"{""max_depth"": null, ""max_features"": 1.0, ""min_samples_leaf"": 1}"
GPR3mm,XGBoost,31,0,0.7723077749817084,0.5280902709960935,0.695751412009554,"{""learning_rate"": 0.1, ""max_depth"": 2, ""subsample"": 0.7}"
GPR3mm,XGBoost,31,1,-0.99471939491109,0.590006652832032,1.0233648203811778,"{""learning_rate"": 0.1, ""max_depth"": 3, ""subsample"": 1.0}"
GPR3mm,XGBoost,31,2,0.9415662411985564,0.3046676635742182,0.4207548638167089,"{""learning_rate"": 0.1, ""max_depth"": 3, ""subsample"": 1.0}"
GPR3mm,XGBoost,31,3,0.5668054627130952,0.8543511962890631,1.587498831533523,"{""learning_rate"": 0.03, ""max_depth"": 3, ""subsample"": 0.7}"
GPR3mm,XGBoost,31,4,-0.0008729055873553104,0.7718050003051768,1.5548336634846398,"{""learning_rate"": 0.03, ""max_depth"": 2, ""subsample"": 0.7}"
GPR3mm,XGBoost,31,5,-1.1356152137585944,0.4851170654296874,0.946284796807031,"{""learning_rate"": 0.1, ""max_depth"": 3, ""subsample"": 1.0}"
GPR3mm,XGBoost,31,6,0.43946191043341276,0.9738389892578141,1.8526044727040907,"{""learning_rate"": 0.03, ""max_depth"": 2, ""subsample"": 0.7}"
GPR3mm,XGBoost,31,7,0.9081808483696715,0.35681250000000037,0.5581433665747351,"{""learning_rate"": 0.03, ""max_depth"": 3, ""subsample"": 0.7}"
GPR3mm,XGBoost,31,8,0.6743736074515996,0.5873258666992183,1.1144816336470593,"{""learning_rate"": 0.1, ""max_depth"": 2, ""subsample"": 1.0}"
GPR3mm,XGBoost,31,9,-0.13359254700174983,0.5517129262288414,0.7927763931415882,"{""learning_rate"": 0.03, ""max_depth"": 2, ""subsample"": 0.7}"
GPR3mm,XGBoost,31,10,0.7804480774012055,0.5446867065429689,0.8957212147883901,"{""learning_rate"": 0.1, ""max_depth"": 2, ""subsample"": 1.0}"
GPR3mm,XGBoost,31,11,0.7537949891890197,0.6283430175781252,1.0091104620972948,"{""learning_rate"": 0.1, ""max_depth"": 3, ""subsample"": 1.0}"
GPR3mm,XGBoost,31,12,0.3614485627978544,0.6590419921875008,1.241042330676748,"{""learning_rate"": 0.03, ""max_depth"": 3, ""subsample"": 0.7}"
GPR3mm,XGBoost,31,13,0.4100946113527255,0.5555606079101557,1.4107308212617171,"{""learning_rate"": 0.03, ""max_depth"": 2, ""subsample"": 1.0}"
GPR3mm,XGBoost,31,14,0.7108088119701796,0.4776005427042662,0.7226243152063094,"{""learning_rate"": 0.03, ""max_depth"": 3, ""subsample"": 0.7}"
GPR3mm,XGBoost,31,15,0.679371394998933,0.5806860351562494,1.2623913410930008,"{""learning_rate"": 0.1, ""max_depth"": 3, ""subsample"": 0.7}"
GPR3mm,XGBoost,31,16,0.8518687873720173,0.45997167968750147,0.6514267553140853,"{""learning_rate"": 0.1, ""max_depth"": 3, ""subsample"": 0.7}"
GPR3mm,XGBoost,31,17,0.67655749407459,0.5970458984375006,1.026961670580265,"{""learning_rate"": 0.03, ""max_depth"": 3, ""subsample"": 1.0}"
GPR3mm,XGBoost,31,18,0.8792942314067451,0.3922973632812506,0.5139933837542383,"{""learning_rate"": 0.03, ""max_depth"": 3, ""subsample"": 0.7}"
GPR3mm,XGBoost,31,19,-0.16726336290773092,0.6603281656901044,1.5093405833701876,"{""learning_rate"": 0.1, ""max_depth"": 5, ""subsample"": 1.0}"
GPR3mm,XGBoost,31,20,0.8008284752687684,0.4661004028320309,0.6602287625589937,"{""learning_rate"": 0.1, ""max_depth"": 3, ""subsample"": 0.7}"
GPR3mm,XGBoost,31,21,0.5299459221112905,0.6541888427734392,1.417727490405728,"{""learning_rate"": 0.1, ""max_depth"": 5, ""subsample"": 1.0}"
GPR3mm,XGBoost,31,22,0.8667321349871766,0.4554237060546882,0.6330147583071958,"{""learning_rate"": 0.03, ""max_depth"": 3, ""subsample"": 1.0}"
GPR3mm,XGBoost,31,23,0.7689855424634254,0.49440582275390627,0.713385804180384,"{""learning_rate"": 0.03, ""max_depth"": 3, ""subsample"": 0.7}"
GPR3mm,XGBoost,31,24,0.624640662639038,0.5444250106811523,1.2086866030110879,"{""learning_rate"": 0.1, ""max_depth"": 3, ""subsample"": 0.7}"
GPR3mm,MLP,31,0,0.4192708365576122,0.8394774897491925,1.1111349647148645,"{""model__alpha"": 1.0, ""model__hidden_layer_sizes"": [32, 16]}"
GPR3mm,MLP,31,1,0.5552839892653965,0.3792151445306155,0.48320448965207735,"{""model__alpha"": 1.0, ""model__hidden_layer_sizes"": [32]}"
GPR3mm,MLP,31,2,0.8423085641734332,0.5412145552678271,0.6911961127148069,"{""model__alpha"": 1.0, ""model__hidden_layer_sizes"": [16]}"
GPR3mm,MLP,31,3,0.38038350058820736,1.1233425737110587,1.8985997332186817,"{""model__alpha"": 1.0, ""model__hidden_layer_sizes"": [32]}"
GPR3mm,MLP,31,4,0.4072405027772773,0.8064705524118162,1.1965579292091224,"{""model__alpha"": 1.0, ""model__hidden_layer_sizes"": [32, 16]}"
GPR3mm,MLP,31,5,-0.8499528920513619,0.7047342302655778,0.8807257506315846,"{""model__alpha"": 1.0, ""model__hidden_layer_sizes"": [32]}"
GPR3mm,MLP,31,6,0.49859168895596706,1.1213499098201702,1.7521686590214993,"{""model__alpha"": 1.0, ""model__hidden_layer_sizes"": [32, 16]}"
GPR3mm,MLP,31,7,0.8272153991292988,0.5865755649053273,0.7656523975239129,"{""model__alpha"": 1.0, ""model__hidden_layer_sizes"": [32]}"
GPR3mm,MLP,31,8,0.5207677327875364,0.9424363888793272,1.3520294227771898,"{""model__alpha"": 1.0, ""model__hidden_layer_sizes"": [32, 16]}"
GPR3mm,MLP,31,9,-0.3396907569901022,0.6265744588015139,0.8618357378100825,"{""model__alpha"": 1.0, ""model__hidden_layer_sizes"": [32]}"
GPR3mm,MLP,31,10,0.8249837136127317,0.6123125461215199,0.799730151945833,"{""model__alpha"": 1.0, ""model__hidden_layer_sizes"": [32, 16]}"
GPR3mm,MLP,31,11,0.7719451865938942,0.6806549562457422,0.9712027122324436,"{""model__alpha"": 1.0, ""model__hidden_layer_sizes"": [32]}"
GPR3mm,MLP,31,12,0.25239801439290044,0.9813219423081592,1.3428387800790993,"{""model__alpha"": 1.0, ""model__hidden_layer_sizes"": [32, 16]}"
GPR3mm,MLP,31,13,0.19644100474999937,0.732415749236817,1.6465004609895957,"{""model__alpha"": 1.0, ""model__hidden_layer_sizes"": [32]}"
GPR3mm,MLP,31,14,-0.21001222805314979,1.041937456448603,1.4781377982950978,"{""model__alpha"": 1.0, ""model__hidden_layer_sizes"": [32]}"
GPR3mm,MLP,31,15,0.6927793245157202,0.7984799216871039,1.2357143615349926,"{""model__alpha"": 1.0, ""model__hidden_layer_sizes"": [32]}"
GPR3mm,MLP,31,16,0.5584510669386518,0.6692553147391084,1.124687122849033,"{""model__alpha"": 1.0, ""model__hidden_layer_sizes"": [32, 16]}"
GPR3mm,MLP,31,17,0.837978747946909,0.5153763519670531,0.7268447871826023,"{""model__alpha"": 1.0, ""model__hidden_layer_sizes"": [32, 16]}"
GPR3mm,MLP,31,18,0.5854689211593957,0.6842433711424127,0.9525155276334065,"{""model__alpha"": 1.0, ""model__hidden_layer_sizes"": [32]}"
GPR3mm,MLP,31,19,-0.6273490276663289,0.8822817516722381,1.7821455755153084,"{""model__alpha"": 1.0, ""model__hidden_layer_sizes"": [32, 16]}"
GPR3mm,MLP,31,20,0.6250346721857816,0.7785082196704497,0.9058918905069917,"{""model__alpha"": 1.0, ""model__hidden_layer_sizes"": [32]}"
GPR3mm,MLP,31,21,0.2618811282463861,0.9518018660473632,1.7765686858712941,"{""model__alpha"": 1.0, ""model__hidden_layer_sizes"": [32]}"
GPR3mm,MLP,31,22,0.622978923573624,0.8652763783574607,1.0647163661095875,"{""model__alpha"": 1.0, ""model__hidden_layer_sizes"": [32, 16]}"
GPR3mm,MLP,31,23,0.5201661478905684,0.7082429131368275,1.0281354289122753,"{""model__alpha"": 1.0, ""model__hidden_layer_sizes"": [16]}"
GPR3mm,MLP,31,24,0.5758866423879818,0.8348160885239153,1.2847868179299833,"{""model__alpha"": 1.0, ""model__hidden_layer_sizes"": [32]}"
GPR2mm,Dummy,5,0,-0.022499035643703813,3.956888888888882,5.046373603112391,{}
GPR2mm,Dummy,5,1,-0.285043739276013,3.4587878787878736,3.6424848984008182,{}
GPR2mm,Dummy,5,2,-0.03145389714774538,4.415555555555551,5.491635605752137,{}
GPR2mm,Dummy,5,3,-0.34613329462971465,5.056282828282832,6.912125563687551,{}
GPR2mm,Dummy,5,4,-0.00020854136591874628,4.3013333333333295,5.852021075377863,{}
GPR2mm,Dummy,5,5,-0.34232043202549867,3.9791111111111097,4.299900360223028,{}
GPR2mm,Dummy,5,6,-0.08163379848370389,4.611272727272729,6.83134607937545,{}
GPR2mm,Dummy,5,7,-0.00011667668472825632,4.017818181818171,5.375450402894266,{}
GPR2mm,Dummy,5,8,-0.02152741573402217,4.719636363636358,6.09450558676481,{}
GPR2mm,Dummy,5,9,-0.02805761546648977,3.467083333333333,4.045539725014039,{}
GPR2mm,Dummy,5,10,-0.008693662165407678,4.397454545454539,6.012484257122736,{}
GPR2mm,Dummy,5,11,-0.0413799627773479,4.430181818181818,5.4939381905094855,{}
GPR2mm,Dummy,5,12,-0.0008175114233808234,3.9865454545454444,5.537438311969856,{}
GPR2mm,Dummy,5,13,-0.015447351180758906,4.24836363636364,5.175545028320147,{}
GPR2mm,Dummy,5,14,-0.00016192844144002905,3.6944999999999975,4.610680246268801,{}
GPR2mm,Dummy,5,15,-0.042016172572177046,4.669050505050508,6.92591672910644,{}
GPR2mm,Dummy,5,16,-0.09895357133958926,3.810222222222218,4.197640049054998,{}
GPR2mm,Dummy,5,17,-0.021162570625246957,4.219272727272721,5.832496311455373,{}
GPR2mm,Dummy,5,18,-0.021756170779022366,4.137414141414141,5.129940208441964,{}
GPR2mm,Dummy,5,19,-0.0026170378246317405,3.9583333333333326,4.485532298401161,{}
GPR2mm,Dummy,5,20,-0.03273366355198193,4.208606060606059,5.307121504103753,{}
GPR2mm,Dummy,5,21,-0.001336481741960327,4.786545454545452,5.8404924751086575,{}
GPR2mm,Dummy,5,22,-0.0005574669725407766,3.734020202020196,5.2190765705203255,{}
GPR2mm,Dummy,5,23,-0.21290353603097567,3.511878787878782,3.9870205855599163,{}
GPR2mm,Dummy,5,24,-0.003928232192657033,4.513499999999998,6.413241562059966,{}
GPR2mm,Ridge,5,0,0.5789146962057028,2.0711389250311987,3.2384186253046106,"{""model__alpha"": 1.0}"
GPR2mm,Ridge,5,1,0.035693427470869676,2.2466011938488877,3.1553414912839166,"{""model__alpha"": 10.0}"
GPR2mm,Ridge,5,2,0.6740117557684127,1.9376038245334462,3.087292451346462,"{""model__alpha"": 10.0}"
GPR2mm,Ridge,5,3,0.11832765452840033,3.949213632716264,5.593983683177729,"{""model__alpha"": 10.0}"
GPR2mm,Ridge,5,4,0.4356785516812728,2.894923493306525,4.395657851486319,"{""model__alpha"": 10.0}"
GPR2mm,Ridge,5,5,0.40815953322027965,2.432803531544126,2.855174260683809,"{""model__alpha"": 10.0}"
GPR2mm,Ridge,5,6,0.26572877315605437,3.335910384872859,5.628522647026285,"{""model__alpha"": 10.0}"
GPR2mm,Ridge,5,7,0.426902167347764,2.7700653926647565,4.069151950760789,"{""model__alpha"": 1.0}"
GPR2mm,Ridge,5,8,0.6506735896975322,2.192997077679552,3.5639300927710083,"{""model__alpha"": 1.0}"
GPR2mm,Ridge,5,9,0.4436997014695875,2.2467862300164096,2.9759277922596614,"{""model__alpha"": 10.0}"
GPR2mm,Ridge,5,10,0.42718629245517103,3.157369403919519,4.530863800256481,"{""model__alpha"": 10.0}"
GPR2mm,Ridge,5,11,0.6846823431201248,2.2221114334390917,3.0231055170149617,"{""model__alpha"": 10.0}"
GPR2mm,Ridge,5,12,0.3998846279493038,2.505329354621458,4.287941276323024,"{""model__alpha"": 10.0}"
GPR2mm,Ridge,5,13,0.35593799984414143,2.258774716142068,4.121840897550434,"{""model__alpha"": 10.0}"
GPR2mm,Ridge,5,14,0.42114509594017613,2.773153454726302,3.5076374937462296,"{""model__alpha"": 10.0}"
GPR2mm,Ridge,5,15,0.4887226646534405,2.975818785384503,4.851413657819729,"{""model__alpha"": 1.0}"
GPR2mm,Ridge,5,16,0.39523789220797845,2.2432952416219227,3.1139225635031704,"{""model__alpha"": 10.0}"
GPR2mm,Ridge,5,17,0.55273459554641,2.552162689691008,3.860021133741647,"{""model__alpha"": 10.0}"
GPR2mm,Ridge,5,18,0.49841591295876986,2.4138428256986746,3.594268721792008,"{""model__alpha"": 1.0}"
GPR2mm,Ridge,5,19,0.005551122602155956,2.9720552900902106,4.467223475766998,"{""model__alpha"": 10.0}"
GPR2mm,Ridge,5,20,0.5215776900698286,2.4332377768456253,3.6121899139252873,"{""model__alpha"": 10.0}"
GPR2mm,Ridge,5,21,0.3755725206294135,2.7642487967897686,4.612118451753168,"{""model__alpha"": 10.0}"
GPR2mm,Ridge,5,22,0.5030487456226872,2.6253423543657295,3.6781509236906182,"{""model__alpha"": 1.0}"
GPR2mm,Ridge,5,23,0.3574261375449075,2.2723877162938866,2.9019964373717344,"{""model__alpha"": 10.0}"
GPR2mm,Ridge,5,24,0.49630037607319444,2.85632118193277,4.542679300034968,"{""model__alpha"": 1.0}"
GPR2mm,SVR,5,0,0.7772021263930095,1.8513318649373423,2.3556104223411714,"{""model__C"": 100, ""model__epsilon"": 0.1, ""model__gamma"": ""scale""}"
GPR2mm,SVR,5,1,0.497127361681463,1.624095080797793,2.2785985035407084,"{""model__C"": 100, ""model__epsilon"": 0.5, ""model__gamma"": ""scale""}"
GPR2mm,SVR,5,2,0.5675128621763715,2.023804511152089,3.556013488520872,"{""model__C"": 10, ""model__epsilon"": 0.1, ""model__gamma"": 0.03}"
GPR2mm,SVR,5,3,0.24134786505979833,3.7260434611179,5.189062814778546,"{""model__C"": 10, ""model__epsilon"": 0.1, ""model__gamma"": 0.03}"
GPR2mm,SVR,5,4,0.5367033997973414,2.518939087391989,3.982815225483739,"{""model__C"": 100, ""model__epsilon"": 0.1, ""model__gamma"": ""scale""}"
GPR2mm,SVR,5,5,0.41584819765697567,2.071284855618203,2.836567692106369,"{""model__C"": 100, ""model__epsilon"": 0.1, ""model__gamma"": ""scale""}"
GPR2mm,SVR,5,6,0.4195520667099175,3.074750245927598,5.004351394958226,"{""model__C"": 100, ""model__epsilon"": 0.1, ""model__gamma"": ""scale""}"
GPR2mm,SVR,5,7,0.48602064621995067,2.5049167373702983,3.853562096480495,"{""model__C"": 10, ""model__epsilon"": 0.1, ""model__gamma"": 0.03}"
GPR2mm,SVR,5,8,0.5769418257472568,2.304699472819072,3.9220534823893405,"{""model__C"": 10, ""model__epsilon"": 0.1, ""model__gamma"": 0.03}"
GPR2mm,SVR,5,9,0.5493998514711973,1.8574494501316412,2.6783258199611586,"{""model__C"": 100, ""model__epsilon"": 0.1, ""model__gamma"": ""scale""}"
GPR2mm,SVR,5,10,0.5795898829903654,2.5966801392927676,3.881600950308788,"{""model__C"": 100, ""model__epsilon"": 0.5, ""model__gamma"": 0.1}"
GPR2mm,SVR,5,11,0.6112375830793919,1.9717605611758422,3.356767774515673,"{""model__C"": 100, ""model__epsilon"": 0.5, ""model__gamma"": ""scale""}"
GPR2mm,SVR,5,12,0.6272481042911557,2.31721819565527,3.379413881882659,"{""model__C"": 100, ""model__epsilon"": 0.1, ""model__gamma"": 0.1}"
GPR2mm,SVR,5,13,0.7244584792838566,1.7063214171547207,2.696006353479656,"{""model__C"": 100, ""model__epsilon"": 0.1, ""model__gamma"": ""scale""}"
GPR2mm,SVR,5,14,0.24980079297038438,2.6059008435503617,3.993173180347595,"{""model__C"": 100, ""model__epsilon"": 0.1, ""model__gamma"": ""scale""}"
GPR2mm,SVR,5,15,0.4530012917076214,2.9061198809557482,5.0180292252382666,"{""model__C"": 10, ""model__epsilon"": 0.5, ""model__gamma"": 0.03}"
GPR2mm,SVR,5,16,0.054038926452179226,2.411758600425825,3.894504008065256,"{""model__C"": 100, ""model__epsilon"": 0.5, ""model__gamma"": 0.1}"
GPR2mm,SVR,5,17,0.8152987156270396,1.8005443007629491,2.4805157365248163,"{""model__C"": 100, ""model__epsilon"": 0.5, ""model__gamma"": ""scale""}"
GPR2mm,SVR,5,18,0.6879170473698992,2.163552536548429,2.8351346625216776,"{""model__C"": 100, ""model__epsilon"": 0.5, ""model__gamma"": 0.1}"
GPR2mm,SVR,5,19,0.25796281447943514,2.781395149185359,3.858862311335286,"{""model__C"": 100, ""model__epsilon"": 0.1, ""model__gamma"": ""scale""}"
GPR2mm,SVR,5,20,0.5973341365576241,2.376759484033988,3.3138837578423326,"{""model__C"": 100, ""model__epsilon"": 0.1, ""model__gamma"": ""scale""}"
GPR2mm,SVR,5,21,0.5845227881674449,2.3746098241784575,3.7621235458579174,"{""model__C"": 100, ""model__epsilon"": 0.1, ""model__gamma"": 0.1}"
GPR2mm,SVR,5,22,0.4812255886438743,2.505848412106305,3.7580445399973703,"{""model__C"": 10, ""model__epsilon"": 0.5, ""model__gamma"": 0.03}"
GPR2mm,SVR,5,23,0.2077111586075896,1.7496737185668387,3.2223826948254284,"{""model__C"": 100, ""model__epsilon"": 0.5, ""model__gamma"": ""scale""}"
GPR2mm,SVR,5,24,0.6948073174155216,2.0732736449368896,3.5360086843995138,"{""model__C"": 100, ""model__epsilon"": 0.5, ""model__gamma"": ""scale""}"
GPR2mm,RandomForest,5,0,0.6220402875177495,2.210923854300728,3.068108411672628,"{""max_depth"": 10, ""max_features"": ""sqrt"", ""min_samples_leaf"": 1}"
GPR2mm,RandomForest,5,1,0.5540684300435232,1.6837312456196576,2.1457193348748853,"{""max_depth"": 10, ""max_features"": ""sqrt"", ""min_samples_leaf"": 1}"
GPR2mm,RandomForest,5,2,0.8834272957086766,1.4112621520832294,1.8461850820411885,"{""max_depth"": null, ""max_features"": ""sqrt"", ""min_samples_leaf"": 3}"
GPR2mm,RandomForest,5,3,0.39426696361300473,2.9205309761904528,4.636691657737573,"{""max_depth"": null, ""max_features"": ""sqrt"", ""min_samples_leaf"": 1}"
GPR2mm,RandomForest,5,4,0.5618251971910768,2.398194946462912,3.8733282377944147,"{""max_depth"": 5, ""max_features"": ""sqrt"", ""min_samples_leaf"": 1}"
GPR2mm,RandomForest,5,5,0.5781970270622567,1.946641874168459,2.4103777500823482,"{""max_depth"": 5, ""max_features"": ""sqrt"", ""min_samples_leaf"": 1}"
GPR2mm,RandomForest,5,6,0.38664012425112504,3.1097242430555307,5.144271055980853,"{""max_depth"": 5, ""max_features"": ""sqrt"", ""min_samples_leaf"": 1}"
GPR2mm,RandomForest,5,7,0.8462346861697592,1.6373883362129948,2.107748136911392,"{""max_depth"": 5, ""max_features"": ""sqrt"", ""min_samples_leaf"": 1}"
GPR2mm,RandomForest,5,8,0.747192758514182,2.095493122754251,3.0318535616150997,"{""max_depth"": 5, ""max_features"": 1.0, ""min_samples_leaf"": 5}"
GPR2mm,RandomForest,5,9,0.5978013136107998,1.8167661015337682,2.5303935198815886,"{""max_depth"": 10, ""max_features"": ""sqrt"", ""min_samples_leaf"": 1}"
GPR2mm,RandomForest,5,10,0.7460998368962548,2.122994536516428,3.0165171316233663,"{""max_depth"": 10, ""max_features"": ""sqrt"", ""min_samples_leaf"": 1}"
GPR2mm,RandomForest,5,11,0.5043396096923943,2.381273392116286,3.79027977234869,"{""max_depth"": 10, ""max_features"": ""sqrt"", ""min_samples_leaf"": 1}"
GPR2mm,RandomForest,5,12,0.5763498323691647,2.0385361309523287,3.602758442957707,"{""max_depth"": null, ""max_features"": ""sqrt"", ""min_samples_leaf"": 1}"
GPR2mm,RandomForest,5,13,0.650721701832272,1.5309455480538616,3.035380830020196,"{""max_depth"": 10, ""max_features"": ""sqrt"", ""min_samples_leaf"": 1}"
GPR2mm,RandomForest,5,14,0.20320328375279917,3.0235285025937286,4.115320020451503,"{""max_depth"": 10, ""max_features"": 1.0, ""min_samples_leaf"": 1}"
GPR2mm,RandomForest,5,15,0.7010514302720938,2.1290297411803794,3.709695608462839,"{""max_depth"": 5, ""max_features"": ""sqrt"", ""min_samples_leaf"": 1}"
GPR2mm,RandomForest,5,16,0.14913174475926327,2.1187621317755343,3.6935729662791124,"{""max_depth"": 5, ""max_features"": ""sqrt"", ""min_samples_leaf"": 1}"
GPR2mm,RandomForest,5,17,0.7665877848008886,2.18899026767677,2.78848825115351,"{""max_depth"": null, ""max_features"": ""sqrt"", ""min_samples_leaf"": 1}"
GPR2mm,RandomForest,5,18,0.7814472785107633,1.7668449293593835,2.3725576720709247,"{""max_depth"": 10, ""max_features"": ""sqrt"", ""min_samples_leaf"": 1}"
GPR2mm,RandomForest,5,19,0.11987310343925073,2.889878822277307,4.2026100481429385,"{""max_depth"": null, ""max_features"": ""sqrt"", ""min_samples_leaf"": 1}"
GPR2mm,RandomForest,5,20,0.6578918392464608,2.394361900793637,3.0545453747815103,"{""max_depth"": null, ""max_features"": ""sqrt"", ""min_samples_leaf"": 1}"
GPR2mm,RandomForest,5,21,0.5965305483848014,2.287019343434352,3.7073601562432374,"{""max_depth"": null, ""max_features"": ""sqrt"", ""min_samples_leaf"": 1}"
GPR2mm,RandomForest,5,22,0.7559545189196143,2.0337599591867246,2.5775555578905167,"{""max_depth"": 5, ""max_features"": ""sqrt"", ""min_samples_leaf"": 1}"
GPR2mm,RandomForest,5,23,-0.023861245454720237,2.2923845133477583,3.6631600926944876,"{""max_depth"": null, ""max_features"": ""sqrt"", ""min_samples_leaf"": 1}"
GPR2mm,RandomForest,5,24,0.6773671337381874,2.061319684944699,3.635637445950655,"{""max_depth"": null, ""max_features"": ""sqrt"", ""min_samples_leaf"": 1}"
GPR2mm,XGBoost,5,0,0.49509578638911433,2.4635419311523434,3.5461119650453226,"{""learning_rate"": 0.03, ""max_depth"": 3, ""subsample"": 0.7}"
GPR2mm,XGBoost,5,1,0.5803724656035032,1.5687311401367179,2.08147305600953,"{""learning_rate"": 0.03, ""max_depth"": 2, ""subsample"": 0.7}"
GPR2mm,XGBoost,5,2,0.8769203898188064,1.3465800170898439,1.897011036953083,"{""learning_rate"": 0.03, ""max_depth"": 5, ""subsample"": 0.7}"
GPR2mm,XGBoost,5,3,0.40673320629411813,2.9067932739257816,4.588731072601437,"{""learning_rate"": 0.03, ""max_depth"": 2, ""subsample"": 1.0}"
GPR2mm,XGBoost,5,4,0.5486989681805922,2.376219749450684,3.930916016594239,"{""learning_rate"": 0.03, ""max_depth"": 2, ""subsample"": 0.7}"
GPR2mm,XGBoost,5,5,0.6337645912818819,1.6795214843749984,2.246003646357213,"{""learning_rate"": 0.03, ""max_depth"": 3, ""subsample"": 0.7}"
GPR2mm,XGBoost,5,6,0.4203061559640693,2.9772206420898444,5.001099635539922,"{""learning_rate"": 0.03, ""max_depth"": 3, ""subsample"": 0.7}"
GPR2mm,XGBoost,5,7,0.8430538516505088,1.6190744018554688,2.12943729302925,"{""learning_rate"": 0.03, ""max_depth"": 5, ""subsample"": 0.7}"
GPR2mm,XGBoost,5,8,0.7040477702582661,2.3672795410156264,3.2803808981854927,"{""learning_rate"": 0.03, ""max_depth"": 2, ""subsample"": 1.0}"
GPR2mm,XGBoost,5,9,0.1376415744429671,2.581637128194171,3.7051999393907016,"{""learning_rate"": 0.03, ""max_depth"": 5, ""subsample"": 0.7}"
GPR2mm,XGBoost,5,10,0.7080286205389592,2.3316636962890622,3.234777749038806,"{""learning_rate"": 0.03, ""max_depth"": 3, ""subsample"": 0.7}"
GPR2mm,XGBoost,5,11,0.1333837914763666,3.1492971191406247,5.0117865265640535,"{""learning_rate"": 0.03, ""max_depth"": 2, ""subsample"": 0.7}"
GPR2mm,XGBoost,5,12,0.4767798704831743,2.2456716918945316,4.0038119854557745,"{""learning_rate"": 0.03, ""max_depth"": 2, ""subsample"": 0.7}"
GPR2mm,XGBoost,5,13,0.6763947428831357,1.5811096801757811,2.9216969690147927,"{""learning_rate"": 0.03, ""max_depth"": 3, ""subsample"": 0.7}"
GPR2mm,XGBoost,5,14,0.27157563677704655,2.779695828755696,3.934794690359162,"{""learning_rate"": 0.1, ""max_depth"": 3, ""subsample"": 1.0}"
GPR2mm,XGBoost,5,15,0.6782109495956501,2.239618591308593,3.8488028637405045,"{""learning_rate"": 0.03, ""max_depth"": 2, ""subsample"": 0.7}"
GPR2mm,XGBoost,5,16,-0.16105019981738078,2.496533447265625,4.314604788829675,"{""learning_rate"": 0.03, ""max_depth"": 2, ""subsample"": 1.0}"
GPR2mm,XGBoost,5,17,0.7516127263489611,2.2289860229492175,2.876548488802443,"{""learning_rate"": 0.03, ""max_depth"": 2, ""subsample"": 1.0}"
GPR2mm,XGBoost,5,18,0.7317298588308604,1.9567734985351581,2.628602021353428,"{""learning_rate"": 0.03, ""max_depth"": 3, ""subsample"": 0.7}"
GPR2mm,XGBoost,5,19,0.12668983134337308,2.830968221028645,4.186303458647257,"{""learning_rate"": 0.1, ""max_depth"": 5, ""subsample"": 1.0}"
GPR2mm,XGBoost,5,20,0.5653634398076319,2.5720687866210934,3.4429284016392803,"{""learning_rate"": 0.1, ""max_depth"": 5, ""subsample"": 0.7}"
GPR2mm,XGBoost,5,21,0.5939126097461975,2.416164855957031,3.7193684363081534,"{""learning_rate"": 0.1, ""max_depth"": 5, ""subsample"": 0.7}"
GPR2mm,XGBoost,5,22,0.772792238492471,1.9215851440429679,2.487048367212062,"{""learning_rate"": 0.03, ""max_depth"": 3, ""subsample"": 0.7}"
GPR2mm,XGBoost,5,23,-0.19468730918948984,2.4497750854492186,3.956967398050481,"{""learning_rate"": 0.1, ""max_depth"": 3, ""subsample"": 1.0}"
GPR2mm,XGBoost,5,24,0.7039796973673976,2.0813795089721676,3.4824670327568166,"{""learning_rate"": 0.03, ""max_depth"": 2, ""subsample"": 0.7}"
GPR2mm,MLP,5,0,0.5890061495113239,2.5443071640611197,3.199378398865057,"{""model__alpha"": 1.0, ""model__hidden_layer_sizes"": [32, 16]}"
GPR2mm,MLP,5,1,0.7230435467813233,1.3674482890350022,1.6910036665757666,"{""model__alpha"": 1.0, ""model__hidden_layer_sizes"": [32]}"
GPR2mm,MLP,5,2,0.8781869917555203,1.4397797355143882,1.887224803847013,"{""model__alpha"": 1.0, ""model__hidden_layer_sizes"": [32]}"
GPR2mm,MLP,5,3,0.24262267251786074,3.0725030113676746,5.184701239212326,"{""model__alpha"": 1.0, ""model__hidden_layer_sizes"": [32]}"
GPR2mm,MLP,5,4,0.4382477475541866,2.846059427776305,4.385640343561949,"{""model__alpha"": 1.0, ""model__hidden_layer_sizes"": [32]}"
GPR2mm,MLP,5,5,0.1759845839673514,2.158639354803776,3.368976331867049,"{""model__alpha"": 1.0, ""model__hidden_layer_sizes"": [32, 16]}"
GPR2mm,MLP,5,6,-0.017633197652744848,3.557115095048951,6.626158129507328,"{""model__alpha"": 1.0, ""model__hidden_layer_sizes"": [16]}"
GPR2mm,MLP,5,7,0.889142931828434,1.49936393168044,1.7896628330195128,"{""model__alpha"": 1.0, ""model__hidden_layer_sizes"": [32]}"
GPR2mm,MLP,5,8,0.8163791662107912,2.0026583321276803,2.583892513923341,"{""model__alpha"": 1.0, ""model__hidden_layer_sizes"": [32]}"
GPR2mm,MLP,5,9,0.434209029948883,2.088726213194059,3.001205604262299,"{""model__alpha"": 1.0, ""model__hidden_layer_sizes"": [32]}"
GPR2mm,MLP,5,10,0.514708669307334,2.881986368814647,4.1703794582622855,"{""model__alpha"": 1.0, ""model__hidden_layer_sizes"": [32]}"
GPR2mm,MLP,5,11,0.5538428340239964,1.979930394535549,3.596028267220446,"{""model__alpha"": 1.0, ""model__hidden_layer_sizes"": [32]}"
GPR2mm,MLP,5,12,0.5811823340788236,2.2059818476714277,3.582151498806578,"{""model__alpha"": 1.0, ""model__hidden_layer_sizes"": [16]}"
GPR2mm,MLP,5,13,-0.1942214941808702,2.5313392124095713,5.6126741258649995,"{""model__alpha"": 1.0, ""model__hidden_layer_sizes"": [32]}"
GPR2mm,MLP,5,14,0.6323789940377431,2.1958136009307965,2.795310171070689,"{""model__alpha"": 1.0, ""model__hidden_layer_sizes"": [32]}"
GPR2mm,MLP,5,15,0.6727058106800865,2.2636398187046534,3.881585738009166,"{""model__alpha"": 1.0, ""model__hidden_layer_sizes"": [32]}"
GPR2mm,MLP,5,16,0.245538364381798,2.0973261258048064,3.478036239151054,"{""model__alpha"": 1.0, ""model__hidden_layer_sizes"": [32]}"
GPR2mm,MLP,5,17,0.7704903685409381,1.9560576594272885,2.7650786355955383,"{""model__alpha"": 1.0, ""model__hidden_layer_sizes"": [32]}"
GPR2mm,MLP,5,18,0.6214448692969052,2.2058710886743977,3.122505679556171,"{""model__alpha"": 1.0, ""model__hidden_layer_sizes"": [32]}"
GPR2mm,MLP,5,19,-2.6531266509450155,5.165600028533042,8.562070756861415,"{""model__alpha"": 1.0, ""model__hidden_layer_sizes"": [16]}"
GPR2mm,MLP,5,20,0.542312703658832,2.551918270323358,3.533046008142747,"{""model__alpha"": 1.0, ""model__hidden_layer_sizes"": [32]}"
GPR2mm,MLP,5,21,0.42134692089758397,2.8998578067390715,4.439852919834281,"{""model__alpha"": 1.0, ""model__hidden_layer_sizes"": [16]}"
GPR2mm,MLP,5,22,0.6032575436967816,2.542463543275125,3.2864496931395433,"{""model__alpha"": 1.0, ""model__hidden_layer_sizes"": [32]}"
GPR2mm,MLP,5,23,-0.050842531240250066,2.1599390773028215,3.7111129096155526,"{""model__alpha"": 1.0, ""model__hidden_layer_sizes"": [32]}"
GPR2mm,MLP,5,24,0.6803136863150133,2.0468515796866407,3.6189975288292464,"{""model__alpha"": 1.0, ""model__hidden_layer_sizes"": [32]}"
GPR2mm,Dummy,10,0,-0.022499035643703813,3.956888888888882,5.046373603112391,{}
GPR2mm,Dummy,10,1,-0.285043739276013,3.4587878787878736,3.6424848984008182,{}
GPR2mm,Dummy,10,2,-0.03145389714774538,4.415555555555551,5.491635605752137,{}
GPR2mm,Dummy,10,3,-0.34613329462971465,5.056282828282832,6.912125563687551,{}
GPR2mm,Dummy,10,4,-0.00020854136591874628,4.3013333333333295,5.852021075377863,{}
GPR2mm,Dummy,10,5,-0.34232043202549867,3.9791111111111097,4.299900360223028,{}
GPR2mm,Dummy,10,6,-0.08163379848370389,4.611272727272729,6.83134607937545,{}
GPR2mm,Dummy,10,7,-0.00011667668472825632,4.017818181818171,5.375450402894266,{}
GPR2mm,Dummy,10,8,-0.02152741573402217,4.719636363636358,6.09450558676481,{}
GPR2mm,Dummy,10,9,-0.02805761546648977,3.467083333333333,4.045539725014039,{}
GPR2mm,Dummy,10,10,-0.008693662165407678,4.397454545454539,6.012484257122736,{}
GPR2mm,Dummy,10,11,-0.0413799627773479,4.430181818181818,5.4939381905094855,{}
GPR2mm,Dummy,10,12,-0.0008175114233808234,3.9865454545454444,5.537438311969856,{}
GPR2mm,Dummy,10,13,-0.015447351180758906,4.24836363636364,5.175545028320147,{}
GPR2mm,Dummy,10,14,-0.00016192844144002905,3.6944999999999975,4.610680246268801,{}
GPR2mm,Dummy,10,15,-0.042016172572177046,4.669050505050508,6.92591672910644,{}
GPR2mm,Dummy,10,16,-0.09895357133958926,3.810222222222218,4.197640049054998,{}
GPR2mm,Dummy,10,17,-0.021162570625246957,4.219272727272721,5.832496311455373,{}
GPR2mm,Dummy,10,18,-0.021756170779022366,4.137414141414141,5.129940208441964,{}
GPR2mm,Dummy,10,19,-0.0026170378246317405,3.9583333333333326,4.485532298401161,{}
GPR2mm,Dummy,10,20,-0.03273366355198193,4.208606060606059,5.307121504103753,{}
GPR2mm,Dummy,10,21,-0.001336481741960327,4.786545454545452,5.8404924751086575,{}
GPR2mm,Dummy,10,22,-0.0005574669725407766,3.734020202020196,5.2190765705203255,{}
GPR2mm,Dummy,10,23,-0.21290353603097567,3.511878787878782,3.9870205855599163,{}
GPR2mm,Dummy,10,24,-0.003928232192657033,4.513499999999998,6.413241562059966,{}
GPR2mm,Ridge,10,0,0.6232479437561875,2.111975055652171,3.0632028825812854,"{""model__alpha"": 10.0}"
GPR2mm,Ridge,10,1,0.128563076098704,2.320569094756558,2.9995546826073056,"{""model__alpha"": 10.0}"
GPR2mm,Ridge,10,2,0.7422010138796653,1.6876167121287222,2.745474435462985,"{""model__alpha"": 10.0}"
GPR2mm,Ridge,10,3,0.17014016524337683,4.141325990229106,5.427126672684047,"{""model__alpha"": 10.0}"
GPR2mm,Ridge,10,4,0.4879398001186259,2.9672960569979208,4.187175004427064,"{""model__alpha"": 10.0}"
GPR2mm,Ridge,10,5,0.3903829935007307,2.4508856660831038,2.897736082080809,"{""model__alpha"": 10.0}"
GPR2mm,Ridge,10,6,0.29947039846037593,3.509525062566837,5.497679379144783,"{""model__alpha"": 10.0}"
GPR2mm,Ridge,10,7,0.49600477178181834,2.8853130973518666,3.8159505391476984,"{""model__alpha"": 10.0}"
GPR2mm,Ridge,10,8,0.7065675466824588,1.8869697993155534,3.266386248032197,"{""model__alpha"": 10.0}"
GPR2mm,Ridge,10,9,0.4037893631371947,2.5442593019015636,3.080829064519819,"{""model__alpha"": 10.0}"
GPR2mm,Ridge,10,10,0.5129753178821949,2.957489346267974,4.177820648090431,"{""model__alpha"": 10.0}"
GPR2mm,Ridge,10,11,0.6565043074317953,2.332145087866837,3.155293829962091,"{""model__alpha"": 10.0}"
GPR2mm,Ridge,10,12,0.43718869214087575,2.706345445666555,4.15253078314635,"{""model__alpha"": 10.0}"
GPR2mm,Ridge,10,13,0.31151288662321286,2.6261348562819933,4.261625611260307,"{""model__alpha"": 10.0}"
GPR2mm,Ridge,10,14,0.4535513522762781,2.6287817818693746,3.408038740910225,"{""model__alpha"": 10.0}"
GPR2mm,Ridge,10,15,0.5469645843750963,2.806565274253223,4.566738175106678,"{""model__alpha"": 10.0}"
GPR2mm,Ridge,10,16,0.20670255438540897,2.764300847404852,3.5664287353045636,"{""model__alpha"": 10.0}"
GPR2mm,Ridge,10,17,0.6247230315763224,2.411620535338214,3.5357616797155904,"{""model__alpha"": 10.0}"
GPR2mm,Ridge,10,18,0.48793072786929903,2.6592662361752475,3.631641970316584,"{""model__alpha"": 10.0}"
GPR2mm,Ridge,10,19,-0.006980118762651921,2.9867864699887647,4.495281531892723,"{""model__alpha"": 10.0}"
GPR2mm,Ridge,10,20,0.5781572170433222,2.2607878264565704,3.3918776291341755,"{""model__alpha"": 10.0}"
GPR2mm,Ridge,10,21,0.4049545213485476,2.811185862653044,4.502301028111752,"{""model__alpha"": 10.0}"
GPR2mm,Ridge,10,22,0.4859143103376833,2.9472051728361506,3.7410232498235048,"{""model__alpha"": 10.0}"
GPR2mm,Ridge,10,23,0.28449488295150316,2.3245456444938397,3.062257584221071,"{""model__alpha"": 1.0}"
GPR2mm,Ridge,10,24,0.5381209997967455,2.8379363303082674,4.350011180542465,"{""model__alpha"": 10.0}"
GPR2mm,SVR,10,0,0.7901531316633759,1.8586484514117319,2.2861208922200618,"{""model__C"": 10, ""model__epsilon"": 0.1, ""model__gamma"": ""scale""}"
GPR2mm,SVR,10,1,0.6116743971102336,1.532647245680302,2.002335362884646,"{""model__C"": 100, ""model__epsilon"": 0.5, ""model__gamma"": ""scale""}"
GPR2mm,SVR,10,2,0.6199277112603593,2.0915178695378596,3.3335724991493905,"{""model__C"": 10, ""model__epsilon"": 0.1, ""model__gamma"": 0.03}"
GPR2mm,SVR,10,3,0.42369371415117063,3.2391088813801137,4.522663374490789,"{""model__C"": 10, ""model__epsilon"": 0.5, ""model__gamma"": ""scale""}"
GPR2mm,SVR,10,4,0.6175375722272792,2.1352305509400584,3.6187200842969065,"{""model__C"": 10, ""model__epsilon"": 0.1, ""model__gamma"": ""scale""}"
GPR2mm,SVR,10,5,0.5611687473999907,1.896342066553297,2.458550120419059,"{""model__C"": 10, ""model__epsilon"": 0.1, ""model__gamma"": ""scale""}"
GPR2mm,SVR,10,6,0.44107042725766576,3.2390389071388497,4.910714740138078,"{""model__C"": 10, ""model__epsilon"": 0.1, ""model__gamma"": 0.1}"
GPR2mm,SVR,10,7,0.574853261233256,2.47740408277374,3.5047653830942362,"{""model__C"": 10, ""model__epsilon"": 0.5, ""model__gamma"": 0.03}"
GPR2mm,SVR,10,8,0.6803677870338081,2.3542929795028567,3.409092120975504,"{""model__C"": 100, ""model__epsilon"": 0.1, ""model__gamma"": 0.03}"
GPR2mm,SVR,10,9,0.7096664669353884,1.537971917894047,2.1498905084178093,"{""model__C"": 100, ""model__epsilon"": 0.5, ""model__gamma"": ""scale""}"
GPR2mm,SVR,10,10,0.5495220635028186,2.611849006204998,4.01801051259956,"{""model__C"": 10, ""model__epsilon"": 0.5, ""model__gamma"": 0.03}"
GPR2mm,SVR,10,11,0.49743693038508197,2.4459616953716994,3.8165806698822418,"{""model__C"": 10, ""model__epsilon"": 0.1, ""model__gamma"": ""scale""}"
GPR2mm,SVR,10,12,0.5477273294544597,2.5259344220384854,3.7224735969734275,"{""model__C"": 10, ""model__epsilon"": 0.5, ""model__gamma"": 0.1}"
GPR2mm,SVR,10,13,0.6233339538225695,1.8854804313193518,3.1521409029814116,"{""model__C"": 10, ""model__epsilon"": 0.1, ""model__gamma"": 0.03}"
GPR2mm,SVR,10,14,0.7078729856132805,2.0906775477717616,2.4918144802917213,"{""model__C"": 100, ""model__epsilon"": 0.5, ""model__gamma"": ""scale""}"
GPR2mm,SVR,10,15,0.5054164410533191,2.888531938652138,4.77155433507615,"{""model__C"": 10, ""model__epsilon"": 0.1, ""model__gamma"": 0.03}"
GPR2mm,SVR,10,16,-0.16429887178865865,2.852124315893191,4.32063680384161,"{""model__C"": 100, ""model__epsilon"": 0.5, ""model__gamma"": 0.1}"
GPR2mm,SVR,10,17,0.6031162572041016,2.658385502961374,3.636123987018263,"{""model__C"": 10, ""model__epsilon"": 0.1, ""model__gamma"": 0.03}"
GPR2mm,SVR,10,18,0.8363220982617114,1.6740694004488814,2.053211523878056,"{""model__C"": 10, ""model__epsilon"": 0.1, ""model__gamma"": ""scale""}"
GPR2mm,SVR,10,19,0.3745397976532926,2.5139067892133107,3.542797164940223,"{""model__C"": 100, ""model__epsilon"": 0.5, ""model__gamma"": 0.1}"
GPR2mm,SVR,10,20,0.6649842524140405,1.983692397366517,3.0227169038403763,"{""model__C"": 10, ""model__epsilon"": 0.1, ""model__gamma"": 0.03}"
GPR2mm,SVR,10,21,0.6754099598240819,2.147403732199015,3.3252709935862006,"{""model__C"": 100, ""model__epsilon"": 0.5, ""model__gamma"": ""scale""}"
GPR2mm,SVR,10,22,0.5188345580354736,2.56115994943292,3.619260674118184,"{""model__C"": 10, ""model__epsilon"": 0.5, ""model__gamma"": 0.03}"
GPR2mm,SVR,10,23,-0.1269046992508971,2.4993184523778025,3.8430757237995508,"{""model__C"": 100, ""model__epsilon"": 0.5, ""model__gamma"": ""scale""}"
GPR2mm,SVR,10,24,0.7648290369762918,2.1549700552018867,3.1039742763992635,"{""model__C"": 100, ""model__epsilon"": 0.5, ""model__gamma"": 0.03}"
GPR2mm,RandomForest,10,0,0.6747187804756953,1.9994019987314107,2.8462788203172344,"{""max_depth"": 10, ""max_features"": ""sqrt"", ""min_samples_leaf"": 1}"
GPR2mm,RandomForest,10,1,0.6258378122275146,1.561157866987006,1.9654805612733328,"{""max_depth"": 10, ""max_features"": ""sqrt"", ""min_samples_leaf"": 1}"
GPR2mm,RandomForest,10,2,0.9138777596237917,1.1773310000000101,1.586844829533036,"{""max_depth"": null, ""max_features"": ""sqrt"", ""min_samples_leaf"": 1}"
GPR2mm,RandomForest,10,3,0.27088733798664333,3.4115489396585525,5.087037112056512,"{""max_depth"": 10, ""max_features"": ""sqrt"", ""min_samples_leaf"": 1}"
GPR2mm,RandomForest,10,4,0.5865730892074379,2.3540765191865956,3.76235674878883,"{""max_depth"": 5, ""max_features"": ""sqrt"", ""min_samples_leaf"": 1}"
GPR2mm,RandomForest,10,5,0.6476825813236594,1.9004899911053064,2.202913017331055,"{""max_depth"": 5, ""max_features"": ""sqrt"", ""min_samples_leaf"": 1}"
GPR2mm,RandomForest,10,6,0.35524080439656336,3.3117869563492675,5.274301293062643,"{""max_depth"": null, ""max_features"": ""sqrt"", ""min_samples_leaf"": 1}"
GPR2mm,RandomForest,10,7,0.8093216659276077,1.6726850952380317,2.347146508665283,"{""max_depth"": null, ""max_features"": ""sqrt"", ""min_samples_leaf"": 1}"
GPR2mm,RandomForest,10,8,0.7940565749414595,2.013690359241672,2.736449461737846,"{""max_depth"": null, ""max_features"": 1.0, ""min_samples_leaf"": 5}"
GPR2mm,RandomForest,10,9,0.6783071467660562,1.6639632316468578,2.2630202969391338,"{""max_depth"": null, ""max_features"": ""sqrt"", ""min_samples_leaf"": 1}"
GPR2mm,RandomForest,10,10,0.7335920569993322,2.1447126342621483,3.089924663229693,"{""max_depth"": 10, ""max_features"": 1.0, ""min_samples_leaf"": 1}"
GPR2mm,RandomForest,10,11,0.5817167448109399,2.089001255926996,3.481884815498599,"{""max_depth"": 10, ""max_features"": ""sqrt"", ""min_samples_leaf"": 1}"
GPR2mm,RandomForest,10,12,0.5886139163251195,2.104913666666623,3.550228054024378,"{""max_depth"": null, ""max_features"": ""sqrt"", ""min_samples_leaf"": 1}"
GPR2mm,RandomForest,10,13,0.6426908684191955,1.7025689924158178,3.0700782405661298,"{""max_depth"": 5, ""max_features"": ""sqrt"", ""min_samples_leaf"": 1}"
GPR2mm,RandomForest,10,14,0.6463520969542593,2.180530948384879,2.7416713188044737,"{""max_depth"": 10, ""max_features"": ""sqrt"", ""min_samples_leaf"": 1}"
GPR2mm,RandomForest,10,15,0.7060792009475616,2.076711874213546,3.6783681691988117,"{""max_depth"": 10, ""max_features"": ""sqrt"", ""min_samples_leaf"": 1}"
GPR2mm,RandomForest,10,16,-0.021590360241403594,2.5749122619047897,4.047193002559499,"{""max_depth"": null, ""max_features"": ""sqrt"", ""min_samples_leaf"": 1}"
GPR2mm,RandomForest,10,17,0.7277234272151529,2.2968056106722314,3.0117031732591695,"{""max_depth"": 10, ""max_features"": ""sqrt"", ""min_samples_leaf"": 1}"
GPR2mm,RandomForest,10,18,0.8437416890942601,1.5940288809523537,2.006135353149518,"{""max_depth"": null, ""max_features"": ""sqrt"", ""min_samples_leaf"": 1}"
GPR2mm,RandomForest,10,19,0.27796271662372474,2.6131105654762856,3.8065037302994855,"{""max_depth"": null, ""max_features"": ""sqrt"", ""min_samples_leaf"": 1}"
GPR2mm,RandomForest,10,20,0.6628116807200397,2.29451497619051,3.0325022001737274,"{""max_depth"": null, ""max_features"": 1.0, ""min_samples_leaf"": 1}"
GPR2mm,RandomForest,10,21,0.6094147299922728,2.3425501666666877,3.6476854394363176,"{""max_depth"": null, ""max_features"": ""sqrt"", ""min_samples_leaf"": 1}"
GPR2mm,RandomForest,10,22,0.7876000260015638,1.8269752756392654,2.4046389612048307,"{""max_depth"": 10, ""max_features"": ""sqrt"", ""min_samples_leaf"": 1}"
GPR2mm,RandomForest,10,23,0.043133735770901516,2.0979105952380546,3.541285722565575,"{""max_depth"": null, ""max_features"": ""sqrt"", ""min_samples_leaf"": 1}"
GPR2mm,RandomForest,10,24,0.6276556466359675,2.403149980579972,3.90569792259604,"{""max_depth"": 10, ""max_features"": ""sqrt"", ""min_samples_leaf"": 1}"
GPR2mm,XGBoost,10,0,0.6925575088260564,1.987371948242187,2.7671320951234573,"{""learning_rate"": 0.03, ""max_depth"": 2, ""subsample"": 0.7}"
GPR2mm,XGBoost,10,1,0.6430645428985242,1.4787440795898437,1.9197012636546966,"{""learning_rate"": 0.1, ""max_depth"": 2, ""subsample"": 0.7}"
GPR2mm,XGBoost,10,2,0.9065531201832123,1.282765441894531,1.6529480484380525,"{""learning_rate"": 0.03, ""max_depth"": 2, ""subsample"": 0.7}"
GPR2mm,XGBoost,10,3,0.2637376426348017,3.2862501831054685,5.111918065887876,"{""learning_rate"": 0.1, ""max_depth"": 2, ""subsample"": 1.0}"
GPR2mm,XGBoost,10,4,0.7456092461084596,1.8987028757731128,2.951285765966444,"{""learning_rate"": 0.03, ""max_depth"": 2, ""subsample"": 0.7}"
GPR2mm,XGBoost,10,5,0.669258149224427,1.6066680297851559,2.134395358046947,"{""learning_rate"": 0.1, ""max_depth"": 3, ""subsample"": 0.7}"
GPR2mm,XGBoost,10,6,0.5044128569496367,2.833956604003906,4.624088934584007,"{""learning_rate"": 0.1, ""max_depth"": 3, ""subsample"": 0.7}"
GPR2mm,XGBoost,10,7,0.76421506257519,1.7798270263671874,2.610042345907744,"{""learning_rate"": 0.03, ""max_depth"": 3, ""subsample"": 1.0}"
GPR2mm,XGBoost,10,8,0.8044261324388193,2.021000732421876,2.6666675629771754,"{""learning_rate"": 0.03, ""max_depth"": 2, ""subsample"": 1.0}"
GPR2mm,XGBoost,10,9,0.5697653032588542,1.9257970809936509,2.6171008506515476,"{""learning_rate"": 0.1, ""max_depth"": 3, ""subsample"": 0.7}"
GPR2mm,XGBoost,10,10,0.692538569993338,2.204308471679687,3.319476722790921,"{""learning_rate"": 0.03, ""max_depth"": 3, ""subsample"": 0.7}"
GPR2mm,XGBoost,10,11,0.5799038771306226,2.1880910034179686,3.4894220187942344,"{""learning_rate"": 0.03, ""max_depth"": 2, ""subsample"": 0.7}"
GPR2mm,XGBoost,10,12,0.6035524825051912,2.10290966796875,3.485172709604079,"{""learning_rate"": 0.03, ""max_depth"": 2, ""subsample"": 0.7}"
GPR2mm,XGBoost,10,13,0.6462684142126652,1.8461100463867184,3.054670046905488,"{""learning_rate"": 0.1, ""max_depth"": 2, ""subsample"": 0.7}"
GPR2mm,XGBoost,10,14,0.4909767244665023,2.5166005452473943,3.289263500029439,"{""learning_rate"": 0.03, ""max_depth"": 3, ""subsample"": 1.0}"
GPR2mm,XGBoost,10,15,0.7579765789628593,2.1840442504882804,3.3378647389306186,"{""learning_rate"": 0.1, ""max_depth"": 2, ""subsample"": 0.7}"
GPR2mm,XGBoost,10,16,-0.527570064719662,2.7374579467773428,4.948984480647437,"{""learning_rate"": 0.1, ""max_depth"": 2, ""subsample"": 1.0}"
GPR2mm,XGBoost,10,17,0.7490425778951365,2.182061401367186,2.8913925063120445,"{""learning_rate"": 0.03, ""max_depth"": 2, ""subsample"": 1.0}"
GPR2mm,XGBoost,10,18,0.8164060219245541,1.720739807128907,2.17454242297008,"{""learning_rate"": 0.1, ""max_depth"": 2, ""subsample"": 0.7}"
GPR2mm,XGBoost,10,19,0.2615966261218813,2.782145500183105,3.8494021465412165,"{""learning_rate"": 0.03, ""max_depth"": 2, ""subsample"": 0.7}"
GPR2mm,XGBoost,10,20,0.5666449339323123,2.600970886230468,3.43784904349374,"{""learning_rate"": 0.1, ""max_depth"": 5, ""subsample"": 0.7}"
GPR2mm,XGBoost,10,21,0.6612490009877829,2.234943420410156,3.3970328099937985,"{""learning_rate"": 0.03, ""max_depth"": 2, ""subsample"": 0.7}"
GPR2mm,XGBoost,10,22,0.7298829960737414,2.1184037475585926,2.711743525154035,"{""learning_rate"": 0.1, ""max_depth"": 3, ""subsample"": 0.7}"
GPR2mm,XGBoost,10,23,-0.08688483266558289,2.330086730957031,3.774219125471181,"{""learning_rate"": 0.1, ""max_depth"": 2, ""subsample"": 1.0}"
GPR2mm,XGBoost,10,24,0.709473160918643,2.4564194361368803,3.4500023760492713,"{""learning_rate"": 0.03, ""max_depth"": 2, ""subsample"": 0.7}"
GPR2mm,MLP,10,0,0.6648937042643367,2.2359614405891417,2.8889447748738992,"{""model__alpha"": 1.0, ""model__hidden_layer_sizes"": [32, 16]}"
GPR2mm,MLP,10,1,0.4904474290650005,1.6772682199578026,2.293682512324423,"{""model__alpha"": 1.0, ""model__hidden_layer_sizes"": [32]}"
GPR2mm,MLP,10,2,0.7945954816714103,2.059072330701231,2.450652865809158,"{""model__alpha"": 1.0, ""model__hidden_layer_sizes"": [32]}"
GPR2mm,MLP,10,3,0.40485743448866873,3.2169516976010204,4.595979598504906,"{""model__alpha"": 1.0, ""model__hidden_layer_sizes"": [32]}"
GPR2mm,MLP,10,4,0.3453031258727034,3.2055521619522103,4.7345721129795475,"{""model__alpha"": 1.0, ""model__hidden_layer_sizes"": [32, 16]}"
GPR2mm,MLP,10,5,-0.7231806461415302,3.3548608548786865,4.871870050693447,"{""model__alpha"": 1.0, ""model__hidden_layer_sizes"": [32]}"
GPR2mm,MLP,10,6,-0.06001614178925374,4.720431227315015,6.762735502773079,"{""model__alpha"": 1.0, ""model__hidden_layer_sizes"": [32]}"
GPR2mm,MLP,10,7,0.7525353920487965,1.9656224121043708,2.673905609689417,"{""model__alpha"": 1.0, ""model__hidden_layer_sizes"": [32, 16]}"
GPR2mm,MLP,10,8,0.3815130237085156,3.000054312211394,4.7421877641679595,"{""model__alpha"": 1.0, ""model__hidden_layer_sizes"": [32, 16]}"
GPR2mm,MLP,10,9,0.5189165629580403,2.1247066980644522,2.7674382889994007,"{""model__alpha"": 1.0, ""model__hidden_layer_sizes"": [32]}"
GPR2mm,MLP,10,10,0.7510395271876337,2.470281712065832,2.987029462331885,"{""model__alpha"": 1.0, ""model__hidden_layer_sizes"": [32, 16]}"
GPR2mm,MLP,10,11,0.28574063276713146,2.8174677306674694,4.549955329437582,"{""model__alpha"": 1.0, ""model__hidden_layer_sizes"": [32, 16]}"
GPR2mm,MLP,10,12,0.20107019664692638,3.2617241534253263,4.947499563090115,"{""model__alpha"": 1.0, ""model__hidden_layer_sizes"": [32, 16]}"
GPR2mm,MLP,10,13,0.5277981652933628,2.020136537677688,3.5293214931669357,"{""model__alpha"": 1.0, ""model__hidden_layer_sizes"": [32, 16]}"
GPR2mm,MLP,10,14,0.46994798325020304,2.7696479074101634,3.3565188524495295,"{""model__alpha"": 1.0, ""model__hidden_layer_sizes"": [32, 16]}"
GPR2mm,MLP,10,15,0.2657101860515686,3.5417862649523126,5.813983404950113,"{""model__alpha"": 1.0, ""model__hidden_layer_sizes"": [32]}"
GPR2mm,MLP,10,16,-0.07015478368126993,2.825337979886023,4.142273981719704,"{""model__alpha"": 1.0, ""model__hidden_layer_sizes"": [32]}"
GPR2mm,MLP,10,17,0.7159360683168727,2.4259683503928398,3.0762035975686617,"{""model__alpha"": 1.0, ""model__hidden_layer_sizes"": [32]}"
GPR2mm,MLP,10,18,0.6871045228841961,2.1376568167103067,2.8388229749817286,"{""model__alpha"": 1.0, ""model__hidden_layer_sizes"": [32, 16]}"
GPR2mm,MLP,10,19,0.03559994109226594,2.8342943400394085,4.39921372964242,"{""model__alpha"": 1.0, ""model__hidden_layer_sizes"": [32, 16]}"
GPR2mm,MLP,10,20,0.4543092871770834,2.7972650486136192,3.8577861102809767,"{""model__alpha"": 1.0, ""model__hidden_layer_sizes"": [32, 16]}"
GPR2mm,MLP,10,21,0.07708465645783114,4.079325074050644,5.60712686319893,"{""model__alpha"": 1.0, ""model__hidden_layer_sizes"": [32, 16]}"
GPR2mm,MLP,10,22,0.5088168161828481,2.738069337026151,3.656742630269962,"{""model__alpha"": 1.0, ""model__hidden_layer_sizes"": [32]}"
GPR2mm,MLP,10,23,-0.3274041567877852,2.796920793877713,4.170968726486357,"{""model__alpha"": 1.0, ""model__hidden_layer_sizes"": [32, 16]}"
GPR2mm,MLP,10,24,0.6348778448696125,2.8409252384403847,3.86763389607545,"{""model__alpha"": 1.0, ""model__hidden_layer_sizes"": [32, 16]}"
GPR2mm,Dummy,15,0,-0.022499035643703813,3.956888888888882,5.046373603112391,{}
GPR2mm,Dummy,15,1,-0.285043739276013,3.4587878787878736,3.6424848984008182,{}
GPR2mm,Dummy,15,2,-0.03145389714774538,4.415555555555551,5.491635605752137,{}
GPR2mm,Dummy,15,3,-0.34613329462971465,5.056282828282832,6.912125563687551,{}
GPR2mm,Dummy,15,4,-0.00020854136591874628,4.3013333333333295,5.852021075377863,{}
GPR2mm,Dummy,15,5,-0.34232043202549867,3.9791111111111097,4.299900360223028,{}
GPR2mm,Dummy,15,6,-0.08163379848370389,4.611272727272729,6.83134607937545,{}
GPR2mm,Dummy,15,7,-0.00011667668472825632,4.017818181818171,5.375450402894266,{}
GPR2mm,Dummy,15,8,-0.02152741573402217,4.719636363636358,6.09450558676481,{}
GPR2mm,Dummy,15,9,-0.02805761546648977,3.467083333333333,4.045539725014039,{}
GPR2mm,Dummy,15,10,-0.008693662165407678,4.397454545454539,6.012484257122736,{}
GPR2mm,Dummy,15,11,-0.0413799627773479,4.430181818181818,5.4939381905094855,{}
GPR2mm,Dummy,15,12,-0.0008175114233808234,3.9865454545454444,5.537438311969856,{}
GPR2mm,Dummy,15,13,-0.015447351180758906,4.24836363636364,5.175545028320147,{}
GPR2mm,Dummy,15,14,-0.00016192844144002905,3.6944999999999975,4.610680246268801,{}
GPR2mm,Dummy,15,15,-0.042016172572177046,4.669050505050508,6.92591672910644,{}
GPR2mm,Dummy,15,16,-0.09895357133958926,3.810222222222218,4.197640049054998,{}
GPR2mm,Dummy,15,17,-0.021162570625246957,4.219272727272721,5.832496311455373,{}
GPR2mm,Dummy,15,18,-0.021756170779022366,4.137414141414141,5.129940208441964,{}
GPR2mm,Dummy,15,19,-0.0026170378246317405,3.9583333333333326,4.485532298401161,{}
GPR2mm,Dummy,15,20,-0.03273366355198193,4.208606060606059,5.307121504103753,{}
GPR2mm,Dummy,15,21,-0.001336481741960327,4.786545454545452,5.8404924751086575,{}
GPR2mm,Dummy,15,22,-0.0005574669725407766,3.734020202020196,5.2190765705203255,{}
GPR2mm,Dummy,15,23,-0.21290353603097567,3.511878787878782,3.9870205855599163,{}
GPR2mm,Dummy,15,24,-0.003928232192657033,4.513499999999998,6.413241562059966,{}
GPR2mm,Ridge,15,0,0.6035172605833703,2.206729590803656,3.1423900362493975,"{""model__alpha"": 10.0}"
GPR2mm,Ridge,15,1,0.13053506554382277,2.2705283747026987,2.9961588887506347,"{""model__alpha"": 10.0}"
GPR2mm,Ridge,15,2,0.735998465742568,1.7246033969938304,2.778305681387939,"{""model__alpha"": 10.0}"
GPR2mm,Ridge,15,3,0.17112460379174876,4.136701177030476,5.423906696319119,"{""model__alpha"": 10.0}"
GPR2mm,Ridge,15,4,0.4751537724450283,2.893111921160749,4.239129091264252,"{""model__alpha"": 10.0}"
GPR2mm,Ridge,15,5,0.35727798876182837,2.582209720179202,2.9753761554376204,"{""model__alpha"": 10.0}"
GPR2mm,Ridge,15,6,0.25959785566983484,3.57809130820647,5.651971934742735,"{""model__alpha"": 10.0}"
GPR2mm,Ridge,15,7,0.49131729171069083,2.829287825275984,3.833654867281967,"{""model__alpha"": 10.0}"
GPR2mm,Ridge,15,8,0.704168965054489,1.9140238531223452,3.2797091583498266,"{""model__alpha"": 10.0}"
GPR2mm,Ridge,15,9,0.3232350591474731,2.7148202875889904,3.28236345764921,"{""model__alpha"": 10.0}"
GPR2mm,Ridge,15,10,0.519019451333089,2.9180168812442235,4.151815662495653,"{""model__alpha"": 10.0}"
GPR2mm,Ridge,15,11,0.6520330078572082,2.393736597479172,3.175763734956786,"{""model__alpha"": 10.0}"
GPR2mm,Ridge,15,12,0.4170126239469667,2.6020154822955153,4.226306878740709,"{""model__alpha"": 10.0}"
GPR2mm,Ridge,15,13,0.22915270157268186,2.8490339275225307,4.509325269061633,"{""model__alpha"": 100.0}"
GPR2mm,Ridge,15,14,0.3347216206110877,2.9420529088237912,3.760378405695878,"{""model__alpha"": 10.0}"
GPR2mm,Ridge,15,15,0.5343520504885773,2.8354749109059982,4.629870922727066,"{""model__alpha"": 10.0}"
GPR2mm,Ridge,15,16,0.15011440426738587,2.905989318278232,3.6914395143004097,"{""model__alpha"": 10.0}"
GPR2mm,Ridge,15,17,0.6168028147096116,2.4065701871193372,3.5728779758496025,"{""model__alpha"": 10.0}"
GPR2mm,Ridge,15,18,0.484439394437313,2.668953283627781,3.6440013667661835,"{""model__alpha"": 10.0}"
GPR2mm,Ridge,15,19,-0.0005331531452947846,2.9644044233897167,4.480868406947024,"{""model__alpha"": 10.0}"
GPR2mm,Ridge,15,20,0.5801285027547447,2.2613201080295284,3.383943168859428,"{""model__alpha"": 10.0}"
GPR2mm,Ridge,15,21,0.2329585655026425,3.3866131338868626,5.111741240349958,"{""model__alpha"": 10.0}"
GPR2mm,Ridge,15,22,0.4908335918842769,2.8676362692379245,3.723081315431705,"{""model__alpha"": 10.0}"
GPR2mm,Ridge,15,23,0.12186219246205443,2.488168494281603,3.3924752255244592,"{""model__alpha"": 10.0}"
GPR2mm,Ridge,15,24,0.49436027636225843,3.0931946302138296,4.551419410394554,"{""model__alpha"": 10.0}"
GPR2mm,SVR,15,0,0.7823414288071501,1.71487721969583,2.3282833548672905,"{""model__C"": 10, ""model__epsilon"": 0.1, ""model__gamma"": 0.1}"
GPR2mm,SVR,15,1,0.6680294831223282,1.539471190790963,1.8513501353036836,"{""model__C"": 100, ""model__epsilon"": 0.5, ""model__gamma"": ""scale""}"
GPR2mm,SVR,15,2,0.8087655561761093,1.9326900202894597,2.3646118417830118,"{""model__C"": 100, ""model__epsilon"": 0.1, ""model__gamma"": 0.1}"
GPR2mm,SVR,15,3,0.48349615596657414,3.0343713519690834,4.28158297477819,"{""model__C"": 10, ""model__epsilon"": 0.1, ""model__gamma"": 0.1}"
GPR2mm,SVR,15,4,0.5949246762666842,2.1166393143909388,3.7241614128337166,"{""model__C"": 10, ""model__epsilon"": 0.1, ""model__gamma"": ""scale""}"
GPR2mm,SVR,15,5,0.4008176182361739,2.1372961315961656,2.8728292175715993,"{""model__C"": 10, ""model__epsilon"": 0.1, ""model__gamma"": 0.1}"
GPR2mm,SVR,15,6,0.3726124374618287,3.1208366345601224,5.202763864045813,"{""model__C"": 10, ""model__epsilon"": 0.1, ""model__gamma"": 0.1}"
GPR2mm,SVR,15,7,0.752247344494291,2.101011885776696,2.675461363414892,"{""model__C"": 100, ""model__epsilon"": 0.5, ""model__gamma"": 0.1}"
GPR2mm,SVR,15,8,0.7237068698285405,2.0834699283458793,3.1695565847726384,"{""model__C"": 100, ""model__epsilon"": 0.1, ""model__gamma"": 0.1}"
GPR2mm,SVR,15,9,0.8319606917901583,1.2459623449265198,1.6355852497241057,"{""model__C"": 100, ""model__epsilon"": 0.1, ""model__gamma"": 0.1}"
GPR2mm,SVR,15,10,0.769346447055534,2.1803166148305113,2.875109439977016,"{""model__C"": 10, ""model__epsilon"": 0.1, ""model__gamma"": 0.1}"
GPR2mm,SVR,15,11,0.5670503492235935,2.384453244647777,3.542402105648561,"{""model__C"": 10, ""model__epsilon"": 0.1, ""model__gamma"": ""scale""}"
GPR2mm,SVR,15,12,0.47469344327323104,2.5503829814452597,4.011786975768871,"{""model__C"": 10, ""model__epsilon"": 0.1, ""model__gamma"": 0.1}"
GPR2mm,SVR,15,13,0.6207600283910784,1.8362648367127508,3.162892551959026,"{""model__C"": 10, ""model__epsilon"": 0.1, ""model__gamma"": 0.03}"
GPR2mm,SVR,15,14,0.6166709910779249,2.2949683434717674,2.8544056236927227,"{""model__C"": 100, ""model__epsilon"": 0.1, ""model__gamma"": 0.1}"
GPR2mm,SVR,15,15,0.7478834626616975,2.0941900521198833,3.406753437601964,"{""model__C"": 100, ""model__epsilon"": 0.1, ""model__gamma"": 0.1}"
GPR2mm,SVR,15,16,0.2545271428433804,2.2441227249784816,3.4572552122321514,"{""model__C"": 100, ""model__epsilon"": 0.1, ""model__gamma"": 0.1}"
GPR2mm,SVR,15,17,0.7626190350002159,2.2231905611920784,2.8120949102370223,"{""model__C"": 100, ""model__epsilon"": 0.5, ""model__gamma"": ""scale""}"
GPR2mm,SVR,15,18,0.8411821877324932,1.508605783173619,2.022498803070578,"{""model__C"": 10, ""model__epsilon"": 0.1, ""model__gamma"": 0.1}"
GPR2mm,SVR,15,19,0.37671936409633267,2.5681986283356597,3.5366189136168558,"{""model__C"": 100, ""model__epsilon"": 0.1, ""model__gamma"": 0.1}"
GPR2mm,SVR,15,20,0.7162513017328105,2.0927609314817586,2.7818377914791155,"{""model__C"": 100, ""model__epsilon"": 0.5, ""model__gamma"": 0.1}"
GPR2mm,SVR,15,21,0.44212103491085175,2.627351185926504,4.359427329137289,"{""model__C"": 100, ""model__epsilon"": 0.1, ""model__gamma"": ""scale""}"
GPR2mm,SVR,15,22,0.7448315344219634,2.0663210628893625,2.635640369400725,"{""model__C"": 100, ""model__epsilon"": 0.5, ""model__gamma"": 0.1}"
GPR2mm,SVR,15,23,0.05824757031547023,2.310732964695564,3.5132068557778258,"{""model__C"": 100, ""model__epsilon"": 0.1, ""model__gamma"": ""scale""}"
GPR2mm,SVR,15,24,0.5864791884300173,2.4491704269581813,4.115996060472723,"{""model__C"": 10, ""model__epsilon"": 0.1, ""model__gamma"": 0.1}"
GPR2mm,RandomForest,15,0,0.8007102842087878,1.706283235928405,2.227872795082296,"{""max_depth"": 10, ""max_features"": ""sqrt"", ""min_samples_leaf"": 1}"
GPR2mm,RandomForest,15,1,0.5546881116730915,1.7582084880952942,2.1442279343988573,"{""max_depth"": null, ""max_features"": ""sqrt"", ""min_samples_leaf"": 1}"
GPR2mm,RandomForest,15,2,0.8995021680984752,1.3765319047618885,1.7141749643106872,"{""max_depth"": null, ""max_features"": ""sqrt"", ""min_samples_leaf"": 1}"
GPR2mm,RandomForest,15,3,0.16982295593582775,3.8127969874289773,5.428163818079785,"{""max_depth"": 5, ""max_features"": 1.0, ""min_samples_leaf"": 3}"
GPR2mm,RandomForest,15,4,0.5483277380747915,2.3501752978936366,3.9325324259281844,"{""max_depth"": 5, ""max_features"": ""sqrt"", ""min_samples_leaf"": 1}"
GPR2mm,RandomForest,15,5,0.6462754429743527,1.9498835360611748,2.2073077964036134,"{""max_depth"": 10, ""max_features"": ""sqrt"", ""min_samples_leaf"": 1}"
GPR2mm,RandomForest,15,6,0.3287558679973438,3.352470234127021,5.381538031471569,"{""max_depth"": null, ""max_features"": ""sqrt"", ""min_samples_leaf"": 1}"
GPR2mm,RandomForest,15,7,0.8246133242288176,1.6459987380951828,2.251063898138361,"{""max_depth"": null, ""max_features"": ""sqrt"", ""min_samples_leaf"": 1}"
GPR2mm,RandomForest,15,8,0.8106909318612272,2.0087874856247527,2.6236093803474683,"{""max_depth"": null, ""max_features"": 1.0, ""min_samples_leaf"": 5}"
GPR2mm,RandomForest,15,9,0.4207844154799518,1.962901509208465,3.0366019186487456,"{""max_depth"": 10, ""max_features"": 1.0, ""min_samples_leaf"": 1}"
GPR2mm,RandomForest,15,10,0.8129747581789626,1.9641438809524028,2.5889545045209017,"{""max_depth"": null, ""max_features"": 1.0, ""min_samples_leaf"": 1}"
GPR2mm,RandomForest,15,11,0.6170450336521578,2.1165688664898994,3.3316012283323846,"{""max_depth"": 10, ""max_features"": ""sqrt"", ""min_samples_leaf"": 1}"
GPR2mm,RandomForest,15,12,0.5380294614193226,2.1664708597705618,3.7621715362074593,"{""max_depth"": 10, ""max_features"": ""sqrt"", ""min_samples_leaf"": 1}"
GPR2mm,RandomForest,15,13,0.6709970414861797,1.5747958041019081,2.9459629967121157,"{""max_depth"": 10, ""max_features"": ""sqrt"", ""min_samples_leaf"": 1}"
GPR2mm,RandomForest,15,14,0.3807225357172671,2.663981832837368,3.628043480713816,"{""max_depth"": null, ""max_features"": 1.0, ""min_samples_leaf"": 1}"
GPR2mm,RandomForest,15,15,0.6963652722879881,2.013772166666667,3.7386581521844913,"{""max_depth"": null, ""max_features"": ""sqrt"", ""min_samples_leaf"": 1}"
GPR2mm,RandomForest,15,16,0.058928403601245405,2.489248083333357,3.8844260255562952,"{""max_depth"": null, ""max_features"": ""sqrt"", ""min_samples_leaf"": 1}"
GPR2mm,RandomForest,15,17,0.7721235085182705,2.3871363333333324,2.755223226848716,"{""max_depth"": null, ""max_features"": ""sqrt"", ""min_samples_leaf"": 1}"
GPR2mm,RandomForest,15,18,0.8508335210254814,1.610995214285694,1.9600822140443617,"{""max_depth"": null, ""max_features"": 1.0, ""min_samples_leaf"": 1}"
GPR2mm,RandomForest,15,19,0.34400114702284823,2.448841319444549,3.6282565500871096,"{""max_depth"": null, ""max_features"": ""sqrt"", ""min_samples_leaf"": 1}"
GPR2mm,RandomForest,15,20,0.6870205385935968,2.218815923236841,2.9216136389065115,"{""max_depth"": 5, ""max_features"": 1.0, ""min_samples_leaf"": 1}"
GPR2mm,RandomForest,15,21,0.6773008591690559,2.035021642151991,3.3155711629368114,"{""max_depth"": 10, ""max_features"": ""sqrt"", ""min_samples_leaf"": 1}"
GPR2mm,RandomForest,15,22,0.8131934325109702,1.815540962282072,2.2551151371469427,"{""max_depth"": 10, ""max_features"": ""sqrt"", ""min_samples_leaf"": 1}"
GPR2mm,RandomForest,15,23,0.02114206992502854,2.327788581462776,3.5817492504765673,"{""max_depth"": 10, ""max_features"": ""sqrt"", ""min_samples_leaf"": 1}"
GPR2mm,RandomForest,15,24,0.6371009867326081,2.255288207808826,3.8558413672593397,"{""max_depth"": 10, ""max_features"": ""sqrt"", ""min_samples_leaf"": 1}"
GPR2mm,XGBoost,15,0,0.7493643343893961,1.8579030761718753,2.498442633471671,"{""learning_rate"": 0.03, ""max_depth"": 3, ""subsample"": 1.0}"
GPR2mm,XGBoost,15,1,0.5952387008676432,1.5965792236328111,2.0442701886485173,"{""learning_rate"": 0.03, ""max_depth"": 3, ""subsample"": 0.7}"
GPR2mm,XGBoost,15,2,0.9051702294037208,1.3218856811523432,1.6651338578631596,"{""learning_rate"": 0.03, ""max_depth"": 3, ""subsample"": 0.7}"
GPR2mm,XGBoost,15,3,0.273024791705719,3.3772777099609375,5.079575105386335,"{""learning_rate"": 0.03, ""max_depth"": 2, ""subsample"": 1.0}"
GPR2mm,XGBoost,15,4,0.6635169097421403,2.1011803309122716,3.394237474363137,"{""learning_rate"": 0.03, ""max_depth"": 3, ""subsample"": 1.0}"
GPR2mm,XGBoost,15,5,0.7514710569955082,1.4714064331054675,1.8502004316848912,"{""learning_rate"": 0.03, ""max_depth"": 3, ""subsample"": 0.7}"
GPR2mm,XGBoost,15,6,0.427017255263494,3.0612879028320323,4.972066567382378,"{""learning_rate"": 0.1, ""max_depth"": 5, ""subsample"": 0.7}"
GPR2mm,XGBoost,15,7,0.8179051254536316,1.565313842773437,2.2937093531007,"{""learning_rate"": 0.03, ""max_depth"": 3, ""subsample"": 0.7}"
GPR2mm,XGBoost,15,8,0.7959238810918624,2.088148071289063,2.7240154050567194,"{""learning_rate"": 0.1, ""max_depth"": 2, ""subsample"": 0.7}"
GPR2mm,XGBoost,15,9,0.5891306082068672,1.8445269902547192,2.5575235261791947,"{""learning_rate"": 0.03, ""max_depth"": 3, ""subsample"": 0.7}"
GPR2mm,XGBoost,15,10,0.7776329917053946,2.1046215209960932,2.8229909298588587,"{""learning_rate"": 0.03, ""max_depth"": 3, ""subsample"": 0.7}"
GPR2mm,XGBoost,15,11,0.6052244936937532,2.1371789550781246,3.382628160880272,"{""learning_rate"": 0.03, ""max_depth"": 2, ""subsample"": 0.7}"
GPR2mm,XGBoost,15,12,0.5816338661191407,1.9376968994140629,3.580219999145491,"{""learning_rate"": 0.1, ""max_depth"": 3, ""subsample"": 0.7}"
GPR2mm,XGBoost,15,13,0.676016075387285,1.8129726562500001,2.9234058847226625,"{""learning_rate"": 0.03, ""max_depth"": 3, ""subsample"": 1.0}"
GPR2mm,XGBoost,15,14,0.5753485393217328,2.415250587463378,3.004319774430112,"{""learning_rate"": 0.03, ""max_depth"": 3, ""subsample"": 1.0}"
GPR2mm,XGBoost,15,15,0.7805124077982726,1.7808964233398428,3.178666925871221,"{""learning_rate"": 0.03, ""max_depth"": 3, ""subsample"": 0.7}"
GPR2mm,XGBoost,15,16,-0.06957022892731146,2.6201723022460937,4.141142502079462,"{""learning_rate"": 0.1, ""max_depth"": 2, ""subsample"": 0.7}"
GPR2mm,XGBoost,15,17,0.7705821509353306,2.2546412963867164,2.764525693843287,"{""learning_rate"": 0.1, ""max_depth"": 3, ""subsample"": 0.7}"
GPR2mm,XGBoost,15,18,0.8280893704027307,1.7279499511718757,2.104214621569524,"{""learning_rate"": 0.03, ""max_depth"": 3, ""subsample"": 1.0}"
GPR2mm,XGBoost,15,19,0.28738669048232546,2.702571233113606,3.7815810472588165,"{""learning_rate"": 0.03, ""max_depth"": 2, ""subsample"": 0.7}"
GPR2mm,XGBoost,15,20,0.6442568860832971,2.4214213256835926,3.1148211501188072,"{""learning_rate"": 0.03, ""max_depth"": 3, ""subsample"": 0.7}"
GPR2mm,XGBoost,15,21,0.5096458434305138,2.4204834594726568,4.087091679344197,"{""learning_rate"": 0.1, ""max_depth"": 2, ""subsample"": 0.7}"
GPR2mm,XGBoost,15,22,0.7922208117485512,1.847759521484374,2.3783385345268093,"{""learning_rate"": 0.1, ""max_depth"": 2, ""subsample"": 0.7}"
GPR2mm,XGBoost,15,23,0.11532707685309251,1.938275085449219,3.4050752540186444,"{""learning_rate"": 0.03, ""max_depth"": 3, ""subsample"": 1.0}"
GPR2mm,XGBoost,15,24,0.6235745083419377,2.6167263666788725,3.927044095270826,"{""learning_rate"": 0.03, ""max_depth"": 2, ""subsample"": 1.0}"
GPR2mm,MLP,15,0,0.6033699120657829,2.6666040996506273,3.142973899625768,"{""model__alpha"": 1.0, ""model__hidden_layer_sizes"": [32]}"
GPR2mm,MLP,15,1,0.44684175212548005,1.9362680347151564,2.389810698457736,"{""model__alpha"": 1.0, ""model__hidden_layer_sizes"": [32]}"
GPR2mm,MLP,15,2,0.760523521591541,1.9004273460292977,2.6461120660882615,"{""model__alpha"": 1.0, ""model__hidden_layer_sizes"": [32, 16]}"
GPR2mm,MLP,15,3,0.11892777088845274,3.8011921958917014,5.592079567331191,"{""model__alpha"": 1.0, ""model__hidden_layer_sizes"": [32]}"
GPR2mm,MLP,15,4,0.3485905689805291,3.0718655033144135,4.72267025041878,"{""model__alpha"": 1.0, ""model__hidden_layer_sizes"": [32]}"
GPR2mm,MLP,15,5,0.5675698608995403,1.9619586673653509,2.440553145262761,"{""model__alpha"": 1.0, ""model__hidden_layer_sizes"": [32, 16]}"
GPR2mm,MLP,15,6,0.16693862712645868,4.066656330328707,5.995213608865122,"{""model__alpha"": 1.0, ""model__hidden_layer_sizes"": [32, 16]}"
GPR2mm,MLP,15,7,0.6637139329106923,2.214493816346115,3.1170513845310155,"{""model__alpha"": 1.0, ""model__hidden_layer_sizes"": [32, 16]}"
GPR2mm,MLP,15,8,0.5220700574024291,2.5950090566644803,4.168651468150459,"{""model__alpha"": 1.0, ""model__hidden_layer_sizes"": [32]}"
GPR2mm,MLP,15,9,-0.6948809469241812,3.1100454442785725,5.1944233438149725,"{""model__alpha"": 1.0, ""model__hidden_layer_sizes"": [32]}"
GPR2mm,MLP,15,10,0.7439508923561498,2.4503176216495293,3.029255740175029,"{""model__alpha"": 1.0, ""model__hidden_layer_sizes"": [32, 16]}"
GPR2mm,MLP,15,11,0.3243896172274511,3.0194662240495274,4.425143086305747,"{""model__alpha"": 1.0, ""model__hidden_layer_sizes"": [32]}"
GPR2mm,MLP,15,12,0.2336194115030794,3.1815649768685006,4.84566851459654,"{""model__alpha"": 1.0, ""model__hidden_layer_sizes"": [32, 16]}"
GPR2mm,MLP,15,13,0.4426661461784722,2.347273115567912,3.8342912442647936,"{""model__alpha"": 1.0, ""model__hidden_layer_sizes"": [32]}"
GPR2mm,MLP,15,14,0.07576155986797084,3.2428310209433686,4.432225610433349,"{""model__alpha"": 1.0, ""model__hidden_layer_sizes"": [32]}"
GPR2mm,MLP,15,15,0.5125140016694445,3.2701861645144987,4.737193329929924,"{""model__alpha"": 1.0, ""model__hidden_layer_sizes"": [32]}"
GPR2mm,MLP,15,16,-0.4101666230312486,3.117016631266803,4.7550023729787805,"{""model__alpha"": 1.0, ""model__hidden_layer_sizes"": [32, 16]}"
GPR2mm,MLP,15,17,0.765599514685255,2.2087225026901636,2.7943852620749605,"{""model__alpha"": 1.0, ""model__hidden_layer_sizes"": [32, 16]}"
GPR2mm,MLP,15,18,0.518787408905339,2.469021552996027,3.520522787687684,"{""model__alpha"": 1.0, ""model__hidden_layer_sizes"": [32, 16]}"
GPR2mm,MLP,15,19,-0.64770384401116,4.085435418929747,5.750240715285268,"{""model__alpha"": 1.0, ""model__hidden_layer_sizes"": [32]}"
GPR2mm,MLP,15,20,0.6386451434363949,2.358903722451683,3.139292712075107,"{""model__alpha"": 1.0, ""model__hidden_layer_sizes"": [32, 16]}"
GPR2mm,MLP,15,21,0.19462457458073412,3.199281121241732,5.23791728612221,"{""model__alpha"": 1.0, ""model__hidden_layer_sizes"": [32]}"
GPR2mm,MLP,15,22,0.5275772553072319,2.804422709978434,3.586229255590631,"{""model__alpha"": 1.0, ""model__hidden_layer_sizes"": [32]}"
GPR2mm,MLP,15,23,-0.6262478867670065,3.0546826102044595,4.616668801629002,"{""model__alpha"": 1.0, ""model__hidden_layer_sizes"": [32, 16]}"
GPR2mm,MLP,15,24,0.356656366673206,3.7293495297025383,5.133904294851707,"{""model__alpha"": 1.0, ""model__hidden_layer_sizes"": [32, 16]}"
GPR2mm,Dummy,31,0,-0.022499035643703813,3.956888888888882,5.046373603112391,{}
GPR2mm,Dummy,31,1,-0.285043739276013,3.4587878787878736,3.6424848984008182,{}
GPR2mm,Dummy,31,2,-0.03145389714774538,4.415555555555551,5.491635605752137,{}
GPR2mm,Dummy,31,3,-0.34613329462971465,5.056282828282832,6.912125563687551,{}
GPR2mm,Dummy,31,4,-0.00020854136591874628,4.3013333333333295,5.852021075377863,{}
GPR2mm,Dummy,31,5,-0.34232043202549867,3.9791111111111097,4.299900360223028,{}
GPR2mm,Dummy,31,6,-0.08163379848370389,4.611272727272729,6.83134607937545,{}
GPR2mm,Dummy,31,7,-0.00011667668472825632,4.017818181818171,5.375450402894266,{}
GPR2mm,Dummy,31,8,-0.02152741573402217,4.719636363636358,6.09450558676481,{}
GPR2mm,Dummy,31,9,-0.02805761546648977,3.467083333333333,4.045539725014039,{}
GPR2mm,Dummy,31,10,-0.008693662165407678,4.397454545454539,6.012484257122736,{}
GPR2mm,Dummy,31,11,-0.0413799627773479,4.430181818181818,5.4939381905094855,{}
GPR2mm,Dummy,31,12,-0.0008175114233808234,3.9865454545454444,5.537438311969856,{}
GPR2mm,Dummy,31,13,-0.015447351180758906,4.24836363636364,5.175545028320147,{}
GPR2mm,Dummy,31,14,-0.00016192844144002905,3.6944999999999975,4.610680246268801,{}
GPR2mm,Dummy,31,15,-0.042016172572177046,4.669050505050508,6.92591672910644,{}
GPR2mm,Dummy,31,16,-0.09895357133958926,3.810222222222218,4.197640049054998,{}
GPR2mm,Dummy,31,17,-0.021162570625246957,4.219272727272721,5.832496311455373,{}
GPR2mm,Dummy,31,18,-0.021756170779022366,4.137414141414141,5.129940208441964,{}
GPR2mm,Dummy,31,19,-0.0026170378246317405,3.9583333333333326,4.485532298401161,{}
GPR2mm,Dummy,31,20,-0.03273366355198193,4.208606060606059,5.307121504103753,{}
GPR2mm,Dummy,31,21,-0.001336481741960327,4.786545454545452,5.8404924751086575,{}
GPR2mm,Dummy,31,22,-0.0005574669725407766,3.734020202020196,5.2190765705203255,{}
GPR2mm,Dummy,31,23,-0.21290353603097567,3.511878787878782,3.9870205855599163,{}
GPR2mm,Dummy,31,24,-0.003928232192657033,4.513499999999998,6.413241562059966,{}
GPR2mm,Ridge,31,0,0.6365696571772255,2.520633475530279,3.008559038254851,"{""model__alpha"": 10.0}"
GPR2mm,Ridge,31,1,0.44663180393580315,1.8408668173834293,2.3902641752276677,"{""model__alpha"": 10.0}"
GPR2mm,Ridge,31,2,0.8388326192780791,1.631483447282082,2.170777820160279,"{""model__alpha"": 10.0}"
GPR2mm,Ridge,31,3,0.2605555343073359,3.8761646396891893,5.1229529495242145,"{""model__alpha"": 10.0}"
GPR2mm,Ridge,31,4,0.5165171747035344,2.5391154242442346,4.0686574556732,"{""model__alpha"": 10.0}"
GPR2mm,Ridge,31,5,0.3417682293476597,2.6470752715348325,3.0110620951208666,"{""model__alpha"": 10.0}"
GPR2mm,Ridge,31,6,0.31607106796200524,3.4173174072455885,5.432148710749991,"{""model__alpha"": 10.0}"
GPR2mm,Ridge,31,7,0.6511951368703747,2.4714373115544266,3.174539902223312,"{""model__alpha"": 10.0}"
GPR2mm,Ridge,31,8,0.8040335056504107,1.8771597400272122,2.669342971964004,"{""model__alpha"": 10.0}"
GPR2mm,Ridge,31,9,0.4918937821472996,2.3174433616910473,2.8441008856225403,"{""model__alpha"": 10.0}"
GPR2mm,Ridge,31,10,0.6600697664055031,2.635195261146437,3.4903517994112017,"{""model__alpha"": 10.0}"
GPR2mm,Ridge,31,11,0.27221412468431505,3.3279758772613435,4.592836357867522,"{""model__alpha"": 1.0}"
GPR2mm,Ridge,31,12,0.4140917028959077,2.640949677894847,4.236881108378601,"{""model__alpha"": 10.0}"
GPR2mm,Ridge,31,13,0.24590069231889367,2.809867588324022,4.460069814685578,"{""model__alpha"": 100.0}"
GPR2mm,Ridge,31,14,0.5264474519708258,2.5970042346914783,3.172589876231481,"{""model__alpha"": 10.0}"
GPR2mm,Ridge,31,15,0.6140000133919863,2.584001688527977,4.215350396765538,"{""model__alpha"": 10.0}"
GPR2mm,Ridge,31,16,0.20769599089352808,2.4809403187425407,3.5641949386094933,"{""model__alpha"": 10.0}"
GPR2mm,Ridge,31,17,0.7093738260339946,2.439694531862802,3.111532855098546,"{""model__alpha"": 10.0}"
GPR2mm,Ridge,31,18,0.6090573262392218,2.479963471524442,3.173183651327399,"{""model__alpha"": 10.0}"
GPR2mm,Ridge,31,19,-0.12149163780003791,3.3470885050890153,4.743997678246831,"{""model__alpha"": 1.0}"
GPR2mm,Ridge,31,20,0.7103411904642529,2.0759143697901385,2.8106594921310757,"{""model__alpha"": 10.0}"
GPR2mm,Ridge,31,21,0.38082479956780335,2.9416160463706307,4.592680415954058,"{""model__alpha"": 10.0}"
GPR2mm,Ridge,31,22,0.541485716249428,2.747843123698065,3.5330443131785847,"{""model__alpha"": 10.0}"
GPR2mm,Ridge,31,23,-0.5002267166095946,2.932645042748465,4.4341848576162,"{""model__alpha"": 1.0}"
GPR2mm,Ridge,31,24,0.5887026190060196,2.794433657318789,4.104915643106153,"{""model__alpha"": 10.0}"
GPR2mm,SVR,31,0,0.7147296401281411,1.9695594126949414,2.66548517488309,"{""model__C"": 100, ""model__epsilon"": 0.1, ""model__gamma"": 0.03}"
GPR2mm,SVR,31,1,0.759365518278315,1.2844445997084954,1.5762232697082639,"{""model__C"": 100, ""model__epsilon"": 0.5, ""model__gamma"": 0.03}"
GPR2mm,SVR,31,2,0.8806820924740769,1.5124015387497405,1.8677967521670957,"{""model__C"": 100, ""model__epsilon"": 0.1, ""model__gamma"": ""scale""}"
GPR2mm,SVR,31,3,0.3865779625935951,3.060859638986903,4.666027272283187,"{""model__C"": 100, ""model__epsilon"": 0.1, ""model__gamma"": 0.03}"
GPR2mm,SVR,31,4,0.5548225791420326,2.1450414171973446,3.904156035562712,"{""model__C"": 10, ""model__epsilon"": 0.1, ""model__gamma"": ""scale""}"
GPR2mm,SVR,31,5,0.4060692184851493,2.164400057157876,2.860211895555652,"{""model__C"": 10, ""model__epsilon"": 0.1, ""model__gamma"": ""scale""}"
GPR2mm,SVR,31,6,0.37307450400739406,3.1934241740245604,5.200847611581429,"{""model__C"": 10, ""model__epsilon"": 0.5, ""model__gamma"": ""scale""}"
GPR2mm,SVR,31,7,0.8367261047849385,1.68276614354336,2.1719403893402545,"{""model__C"": 100, ""model__epsilon"": 0.5, ""model__gamma"": 0.03}"
GPR2mm,SVR,31,8,0.8213088281399753,1.678566274384563,2.5489717051725966,"{""model__C"": 100, ""model__epsilon"": 0.1, ""model__gamma"": ""scale""}"
GPR2mm,SVR,31,9,0.7089688902517797,1.5261867538355058,2.1524717013741985,"{""model__C"": 100, ""model__epsilon"": 0.1, ""model__gamma"": 0.03}"
GPR2mm,SVR,31,10,0.8659522551948278,1.7579758579301699,2.1918158447793195,"{""model__C"": 100, ""model__epsilon"": 0.5, ""model__gamma"": 0.03}"
GPR2mm,SVR,31,11,0.5212470959465558,2.4289215860021276,3.7250737135102474,"{""model__C"": 10, ""model__epsilon"": 0.1, ""model__gamma"": 0.03}"
GPR2mm,SVR,31,12,0.4925648812316309,2.4215403232332284,3.942954029329559,"{""model__C"": 10, ""model__epsilon"": 0.1, ""model__gamma"": 0.03}"
GPR2mm,SVR,31,13,0.6608262377835149,1.589771693515314,2.9911521880332375,"{""model__C"": 100, ""model__epsilon"": 0.5, ""model__gamma"": 0.03}"
GPR2mm,SVR,31,14,0.7444800170633148,1.7854502444221048,2.3304633644140353,"{""model__C"": 100, ""model__epsilon"": 0.1, ""model__gamma"": ""scale""}"
GPR2mm,SVR,31,15,0.7241106872897822,2.0258076550181494,3.5637520044698956,"{""model__C"": 100, ""model__epsilon"": 0.1, ""model__gamma"": ""scale""}"
GPR2mm,SVR,31,16,0.027064221974799185,2.628594717815446,3.949640881212476,"{""model__C"": 100, ""model__epsilon"": 0.5, ""model__gamma"": 0.03}"
GPR2mm,SVR,31,17,0.7899902685341024,2.2010633301042093,2.645006469662598,"{""model__C"": 10, ""model__epsilon"": 0.1, ""model__gamma"": 0.03}"
GPR2mm,SVR,31,18,0.8146661100945097,1.6210358431212393,2.1848221454015095,"{""model__C"": 100, ""model__epsilon"": 0.5, ""model__gamma"": 0.03}"
GPR2mm,SVR,31,19,0.4022113239346533,2.411970201227483,3.4635406564187634,"{""model__C"": 100, ""model__epsilon"": 0.1, ""model__gamma"": ""scale""}"
GPR2mm,SVR,31,20,0.8182966949689323,1.7340151428385093,2.226108240281972,"{""model__C"": 100, ""model__epsilon"": 0.1, ""model__gamma"": ""scale""}"
GPR2mm,SVR,31,21,0.5483156308874899,2.6158081123154493,3.9226266992587777,"{""model__C"": 100, ""model__epsilon"": 0.1, ""model__gamma"": 0.03}"
GPR2mm,SVR,31,22,0.7202525632384158,2.147654971974093,2.759660820366097,"{""model__C"": 100, ""model__epsilon"": 0.5, ""model__gamma"": ""scale""}"
GPR2mm,SVR,31,23,0.09006420551137129,2.1273560537851166,3.453350993099409,"{""model__C"": 100, ""model__epsilon"": 0.1, ""model__gamma"": ""scale""}"
GPR2mm,SVR,31,24,0.6617157399143988,2.2750231759695043,3.7227781840167906,"{""model__C"": 100, ""model__epsilon"": 0.1, ""model__gamma"": ""scale""}"
GPR2mm,RandomForest,31,0,0.5457076828994685,2.1610424457074906,3.3636875089803895,"{""max_depth"": 10, ""max_features"": 1.0, ""min_samples_leaf"": 1}"
GPR2mm,RandomForest,31,1,0.6294167289874286,1.6466511666667254,1.956057918507676,"{""max_depth"": null, ""max_features"": ""sqrt"", ""min_samples_leaf"": 1}"
GPR2mm,RandomForest,31,2,0.9009146772234958,1.3645928360042694,1.702085867830569,"{""max_depth"": 10, ""max_features"": ""sqrt"", ""min_samples_leaf"": 1}"
GPR2mm,RandomForest,31,3,0.21778169534418346,3.714973212061782,5.269040941259919,"{""max_depth"": 5, ""max_features"": 1.0, ""min_samples_leaf"": 3}"
GPR2mm,RandomForest,31,4,0.5261745438842144,2.4203038693759176,4.027817613501165,"{""max_depth"": 5, ""max_features"": 1.0, ""min_samples_leaf"": 1}"
GPR2mm,RandomForest,31,5,0.6466211380774487,1.9427627500000393,2.206228931498953,"{""max_depth"": null, ""max_features"": ""sqrt"", ""min_samples_leaf"": 1}"
GPR2mm,RandomForest,31,6,0.3309389202514865,3.276327625447723,5.372779857111985,"{""max_depth"": 10, ""max_features"": 1.0, ""min_samples_leaf"": 1}"
GPR2mm,RandomForest,31,7,0.8593860009064332,1.487755571428512,2.01559746992182,"{""max_depth"": null, ""max_features"": ""sqrt"", ""min_samples_leaf"": 1}"
GPR2mm,RandomForest,31,8,0.8195730813213026,1.9222945916597007,2.5613217198252585,"{""max_depth"": null, ""max_features"": 1.0, ""min_samples_leaf"": 5}"
GPR2mm,RandomForest,31,9,0.41009244858485183,2.0742642485119087,3.0645006698188904,"{""max_depth"": null, ""max_features"": 1.0, ""min_samples_leaf"": 1}"
GPR2mm,RandomForest,31,10,0.819648704738352,1.9071813927045305,2.5423418063087118,"{""max_depth"": 10, ""max_features"": 1.0, ""min_samples_leaf"": 1}"
GPR2mm,RandomForest,31,11,0.6016622287497133,2.149454724961207,3.39785549456099,"{""max_depth"": 10, ""max_features"": ""sqrt"", ""min_samples_leaf"": 1}"
GPR2mm,RandomForest,31,12,0.5726481270204677,2.099358583333291,3.6184640247315656,"{""max_depth"": null, ""max_features"": ""sqrt"", ""min_samples_leaf"": 1}"
GPR2mm,RandomForest,31,13,0.6503227859190375,1.7498962606375408,3.0371137120568057,"{""max_depth"": 10, ""max_features"": ""sqrt"", ""min_samples_leaf"": 1}"
GPR2mm,RandomForest,31,14,0.4092022178972837,2.5977761780754602,3.543637372950212,"{""max_depth"": null, ""max_features"": 1.0, ""min_samples_leaf"": 1}"
GPR2mm,RandomForest,31,15,0.6678655811338268,2.053293271688007,3.910182050166173,"{""max_depth"": 10, ""max_features"": ""sqrt"", ""min_samples_leaf"": 1}"
GPR2mm,RandomForest,31,16,-0.1943931430047745,2.6580652459221943,4.376119502216702,"{""max_depth"": 10, ""max_features"": 1.0, ""min_samples_leaf"": 1}"
GPR2mm,RandomForest,31,17,0.7753116585943338,2.417844757548309,2.7358815964451293,"{""max_depth"": 10, ""max_features"": ""sqrt"", ""min_samples_leaf"": 1}"
GPR2mm,RandomForest,31,18,0.836840930296118,1.7079937142856993,2.0499547695285196,"{""max_depth"": null, ""max_features"": 1.0, ""min_samples_leaf"": 1}"
GPR2mm,RandomForest,31,19,0.3417820299180815,2.4373743401414836,3.6343882136094905,"{""max_depth"": 10, ""max_features"": ""sqrt"", ""min_samples_leaf"": 1}"
GPR2mm,RandomForest,31,20,0.6958793028619668,2.2144105444064945,2.879969261798838,"{""max_depth"": 10, ""max_features"": 1.0, ""min_samples_leaf"": 1}"
GPR2mm,RandomForest,31,21,0.6538812102262251,2.161162939700464,3.4337766053612775,"{""max_depth"": 10, ""max_features"": 1.0, ""min_samples_leaf"": 1}"
GPR2mm,RandomForest,31,22,0.8180249698387159,1.812512318958914,2.2257611101594557,"{""max_depth"": 10, ""max_features"": ""sqrt"", ""min_samples_leaf"": 1}"
GPR2mm,RandomForest,31,23,0.017545372448540042,2.3197214047618893,3.588323573475986,"{""max_depth"": null, ""max_features"": ""sqrt"", ""min_samples_leaf"": 1}"
GPR2mm,RandomForest,31,24,0.5813307852687148,2.5081788034953107,4.141539221407856,"{""max_depth"": 5, ""max_features"": 1.0, ""min_samples_leaf"": 1}"
GPR2mm,XGBoost,31,0,0.7294024727424349,1.8118497314453124,2.596030904404697,"{""learning_rate"": 0.1, ""max_depth"": 3, ""subsample"": 0.7}"
GPR2mm,XGBoost,31,1,0.6505649336464825,1.540708679199218,1.8994245516262107,"{""learning_rate"": 0.03, ""max_depth"": 3, ""subsample"": 1.0}"
GPR2mm,XGBoost,31,2,0.8973368043284883,1.387763244628905,1.7325436734241155,"{""learning_rate"": 0.03, ""max_depth"": 3, ""subsample"": 0.7}"
GPR2mm,XGBoost,31,3,0.21140158500359763,3.3810875244140624,5.290485588945844,"{""learning_rate"": 0.1, ""max_depth"": 3, ""subsample"": 1.0}"
GPR2mm,XGBoost,31,4,0.5883117398895384,2.2911262512207027,3.7544371916895174,"{""learning_rate"": 0.1, ""max_depth"": 2, ""subsample"": 0.7}"
GPR2mm,XGBoost,31,5,0.7050221211010936,1.6473978271484366,2.0156959154593723,"{""learning_rate"": 0.03, ""max_depth"": 2, ""subsample"": 0.7}"
GPR2mm,XGBoost,31,6,0.42157270453681805,2.98714715576172,4.995633302533459,"{""learning_rate"": 0.03, ""max_depth"": 5, ""subsample"": 0.7}"
GPR2mm,XGBoost,31,7,0.8102015310009494,1.5387551879882813,2.341724917016,"{""learning_rate"": 0.03, ""max_depth"": 3, ""subsample"": 1.0}"
GPR2mm,XGBoost,31,8,0.7417267711460225,2.249317260742188,3.064454391743694,"{""learning_rate"": 0.1, ""max_depth"": 2, ""subsample"": 1.0}"
GPR2mm,XGBoost,31,9,0.6892288313507742,1.6850675582885735,2.224273067672009,"{""learning_rate"": 0.1, ""max_depth"": 2, ""subsample"": 0.7}"
GPR2mm,XGBoost,31,10,0.7225349973640125,2.2250682373046873,3.1533952734266557,"{""learning_rate"": 0.1, ""max_depth"": 5, ""subsample"": 1.0}"
GPR2mm,XGBoost,31,11,0.5816283666176012,2.0905003662109363,3.4822526361473893,"{""learning_rate"": 0.03, ""max_depth"": 3, ""subsample"": 0.7}"
GPR2mm,XGBoost,31,12,0.6286416784051538,1.82279620361328,3.373090810530826,"{""learning_rate"": 0.1, ""max_depth"": 3, ""subsample"": 0.7}"
GPR2mm,XGBoost,31,13,0.6648135962051123,1.5173466796874993,2.9735180755196575,"{""learning_rate"": 0.1, ""max_depth"": 3, ""subsample"": 1.0}"
GPR2mm,XGBoost,31,14,0.5790923003034063,2.3522286097208647,2.99104729607369,"{""learning_rate"": 0.03, ""max_depth"": 3, ""subsample"": 1.0}"
GPR2mm,XGBoost,31,15,0.7526216050303338,1.8699677124023417,3.3745892574537852,"{""learning_rate"": 0.1, ""max_depth"": 3, ""subsample"": 0.7}"
GPR2mm,XGBoost,31,16,-0.074830656874185,2.3989143066406253,4.1513136258367584,"{""learning_rate"": 0.03, ""max_depth"": 3, ""subsample"": 0.7}"
GPR2mm,XGBoost,31,17,0.7283677936003352,2.395916076660155,3.008137332464225,"{""learning_rate"": 0.1, ""max_depth"": 3, ""subsample"": 0.7}"
GPR2mm,XGBoost,31,18,0.7932433909155677,1.8215160522460951,2.3076416513738995,"{""learning_rate"": 0.1, ""max_depth"": 2, ""subsample"": 1.0}"
GPR2mm,XGBoost,31,19,0.1504915989665302,3.0206074396769194,4.128861233963841,"{""learning_rate"": 0.1, ""max_depth"": 3, ""subsample"": 1.0}"
GPR2mm,XGBoost,31,20,0.6565419440682574,2.3494986572265617,3.060565775770099,"{""learning_rate"": 0.1, ""max_depth"": 3, ""subsample"": 0.7}"
GPR2mm,XGBoost,31,21,0.6389652951546705,2.009889526367188,3.506985131584243,"{""learning_rate"": 0.1, ""max_depth"": 3, ""subsample"": 0.7}"
GPR2mm,XGBoost,31,22,0.7174324073676939,2.1281685791015623,2.7735361172523736,"{""learning_rate"": 0.1, ""max_depth"": 3, ""subsample"": 0.7}"
GPR2mm,XGBoost,31,23,0.06794315975233334,2.0374273071289055,3.4950753727488277,"{""learning_rate"": 0.1, ""max_depth"": 2, ""subsample"": 0.7}"
GPR2mm,XGBoost,31,24,0.6975628989113465,2.197542254130045,3.5200091952410673,"{""learning_rate"": 0.03, ""max_depth"": 5, ""subsample"": 0.7}"
GPR2mm,MLP,31,0,0.5859538601400394,2.6702470952818955,3.211236684198672,"{""model__alpha"": 1.0, ""model__hidden_layer_sizes"": [32]}"
GPR2mm,MLP,31,1,0.7669665659707795,1.1204804785761866,1.551129017346794,"{""model__alpha"": 1.0, ""model__hidden_layer_sizes"": [32, 16]}"
GPR2mm,MLP,31,2,0.8532526869676627,1.6207060209159203,2.071390025409192,"{""model__alpha"": 1.0, ""model__hidden_layer_sizes"": [32]}"
GPR2mm,MLP,31,3,0.4030575014235146,3.1286596278132883,4.602924329749086,"{""model__alpha"": 1.0, ""model__hidden_layer_sizes"": [32]}"
GPR2mm,MLP,31,4,0.2180118257891518,3.5241667876612564,5.1744082987830975,"{""model__alpha"": 1.0, ""model__hidden_layer_sizes"": [32, 16]}"
GPR2mm,MLP,31,5,0.5901714364199372,1.8391748764504223,2.375917757837758,"{""model__alpha"": 1.0, ""model__hidden_layer_sizes"": [16]}"
GPR2mm,MLP,31,6,0.2980778507825004,3.8113081508472475,5.503140946919721,"{""model__alpha"": 1.0, ""model__hidden_layer_sizes"": [16]}"
GPR2mm,MLP,31,7,0.7936981640148634,1.8544297018647695,2.4414119788062854,"{""model__alpha"": 1.0, ""model__hidden_layer_sizes"": [32]}"
GPR2mm,MLP,31,8,0.8309508918515781,1.9721210944907517,2.4792476376611328,"{""model__alpha"": 1.0, ""model__hidden_layer_sizes"": [32]}"
GPR2mm,MLP,31,9,0.7582346626087861,1.6096425733855095,1.9618453084353922,"{""model__alpha"": 1.0, ""model__hidden_layer_sizes"": [32]}"
GPR2mm,MLP,31,10,0.8032141429146281,2.3052330658735998,2.655652511261289,"{""model__alpha"": 1.0, ""model__hidden_layer_sizes"": [32, 16]}"
GPR2mm,MLP,31,11,0.5226873135819399,2.3256901932969054,3.719466480980982,"{""model__alpha"": 1.0, ""model__hidden_layer_sizes"": [32, 16]}"
GPR2mm,MLP,31,12,0.31973667530707606,2.991264129381852,4.565306941300547,"{""model__alpha"": 1.0, ""model__hidden_layer_sizes"": [32, 16]}"
GPR2mm,MLP,31,13,0.27387859071060416,2.1915819518226,4.376551132275341,"{""model__alpha"": 1.0, ""model__hidden_layer_sizes"": [32, 16]}"
GPR2mm,MLP,31,14,0.5414685707023357,2.3214344016388293,3.121867019471119,"{""model__alpha"": 1.0, ""model__hidden_layer_sizes"": [32]}"
GPR2mm,MLP,31,15,0.6286537165490783,2.3648631568677096,4.134562647517213,"{""model__alpha"": 1.0, ""model__hidden_layer_sizes"": [32]}"
GPR2mm,MLP,31,16,-0.10153493608837261,2.881348690416968,4.202567138222367,"{""model__alpha"": 1.0, ""model__hidden_layer_sizes"": [32]}"
GPR2mm,MLP,31,17,0.8802313409720729,1.6711384410890957,1.9974624433628658,"{""model__alpha"": 1.0, ""model__hidden_layer_sizes"": [32]}"
GPR2mm,MLP,31,18,0.636073322112928,2.3118229357483138,3.061580020896407,"{""model__alpha"": 1.0, ""model__hidden_layer_sizes"": [32, 16]}"
GPR2mm,MLP,31,19,0.0713815720629829,2.964583121325589,4.316831497844036,"{""model__alpha"": 1.0, ""model__hidden_layer_sizes"": [32, 16]}"
GPR2mm,MLP,31,20,0.7476374590130186,2.009100419260509,2.6234772931797488,"{""model__alpha"": 1.0, ""model__hidden_layer_sizes"": [32]}"
GPR2mm,MLP,31,21,0.2867385638249115,3.012546257778045,4.929283776648268,"{""model__alpha"": 1.0, ""model__hidden_layer_sizes"": [32]}"
GPR2mm,MLP,31,22,0.39707122658988236,3.307196196917872,4.05140495494431,"{""model__alpha"": 1.0, ""model__hidden_layer_sizes"": [32]}"
GPR2mm,MLP,31,23,-0.1854607735863696,2.5566584471966483,3.9416580097714378,"{""model__alpha"": 1.0, ""model__hidden_layer_sizes"": [32, 16]}"
GPR2mm,MLP,31,24,0.6756017219137567,2.63786359864166,3.645570781569223,"{""model__alpha"": 1.0, ""model__hidden_layer_sizes"": [32, 16]}"
GPR1mm,Dummy,5,0,-0.01634026801493338,12.903111111111114,14.665576390452491,{}
GPR1mm,Dummy,5,1,-0.0005991586722480235,9.632727272727273,11.908022775755661,{}
GPR1mm,Dummy,5,2,-0.09638485054912782,11.490666666666662,13.199707874442343,{}
GPR1mm,Dummy,5,3,-0.18468354024427103,12.659313131313134,14.082943339108546,{}
GPR1mm,Dummy,5,4,-0.0008952802441275498,14.511666666666665,17.386740158331392,{}
GPR1mm,Dummy,5,5,-0.1414098594727271,12.949333333333332,14.663332177924188,{}
GPR1mm,Dummy,5,6,-0.007830807883739022,11.62561616161616,15.337029878743781,{}
GPR1mm,Dummy,5,7,-0.011899484321094667,12.344161616161616,13.729140013179245,{}
GPR1mm,Dummy,5,8,-0.04792240215283261,12.063353535353535,13.842377714605126,{}
GPR1mm,Dummy,5,9,-0.03068796645905225,11.807166666666669,13.972584919524854,{}
GPR1mm,Dummy,5,10,-0.0871279150912927,11.695111111111105,13.205074616718324,{}
GPR1mm,Dummy,5,11,-0.0513300399419554,13.01438383838384,14.371727582256847,{}
GPR1mm,Dummy,5,12,-0.01728304659733504,10.735515151515148,14.638558746797813,{}
GPR1mm,Dummy,5,13,-0.006823704134032882,13.78448484848485,15.467584965825568,{}
GPR1mm,Dummy,5,14,-2.971956359409944e-05,11.4375,13.604857588376294,{}
GPR1mm,Dummy,5,15,-0.03493503943186327,12.297454545454547,16.002622558254792,{}
GPR1mm,Dummy,5,16,-0.050986513953725554,10.35272727272727,11.740938824696116,{}
GPR1mm,Dummy,5,17,-0.001368742038709847,11.944969696969697,14.207064799432857,{}
GPR1mm,Dummy,5,18,-0.03594486095402627,11.145858585858583,12.48433221122085,{}
GPR1mm,Dummy,5,19,-0.008336773274580267,15.108333333333334,16.401309825742576,{}
GPR1mm,Dummy,5,20,-0.09554377960584404,12.915151515151514,14.67220079802361,{}
GPR1mm,Dummy,5,21,-0.002591610904455477,12.4790303030303,14.107472742663056,{}
GPR1mm,Dummy,5,22,-6.970525925820148e-05,11.938909090909092,13.705674332452759,{}
GPR1mm,Dummy,5,23,-0.13761064781625576,9.869333333333334,11.987394450490987,{}
GPR1mm,Dummy,5,24,-0.0007322281065895719,13.670250000000001,16.74072003628677,{}
GPR1mm,Ridge,5,0,0.5929283121127749,8.258956892434169,9.281432678394701,"{""model__alpha"": 0.01}"
GPR1mm,Ridge,5,1,0.44882791062724525,6.830168912057075,8.837983748008925,"{""model__alpha"": 1.0}"
GPR1mm,Ridge,5,2,0.7522783153898889,5.2626707459783315,6.274293339360261,"{""model__alpha"": 0.01}"
GPR1mm,Ridge,5,3,0.1499646132781035,8.747718497988682,11.929184554426877,"{""model__alpha"": 1.0}"
GPR1mm,Ridge,5,4,0.38066232448448833,10.646536733322968,13.676897524895432,"{""model__alpha"": 10.0}"
GPR1mm,Ridge,5,5,0.47910377214428845,8.793870813246423,9.905752424806773,"{""model__alpha"": 0.01}"
GPR1mm,Ridge,5,6,0.2602596559213747,9.48561466935766,13.139749964852836,"{""model__alpha"": 0.1}"
GPR1mm,Ridge,5,7,0.5974175539002509,7.205863761435276,8.6596843880463,"{""model__alpha"": 0.01}"
GPR1mm,Ridge,5,8,0.6441605726757795,6.38206666532379,8.0662776453978,"{""model__alpha"": 0.01}"
GPR1mm,Ridge,5,9,0.45250371038897674,8.396669750114597,10.183656575113236,"{""model__alpha"": 1.0}"
GPR1mm,Ridge,5,10,0.5863396023913489,6.46458592555216,8.145589282880898,"{""model__alpha"": 0.1}"
GPR1mm,Ridge,5,11,0.4888567311310936,7.452462003890696,10.02099308916805,"{""model__alpha"": 0.01}"
GPR1mm,Ridge,5,12,0.43520125027716183,7.651917771265481,10.907476345898568,"{""model__alpha"": 0.01}"
GPR1mm,Ridge,5,13,0.4450232245450104,9.559906617738582,11.483735977214312,"{""model__alpha"": 10.0}"
GPR1mm,Ridge,5,14,0.44421535155082925,8.71782604303277,10.142401999374862,"{""model__alpha"": 1.0}"
GPR1mm,Ridge,5,15,0.36554637812694823,9.253971103568558,12.529523557026305,"{""model__alpha"": 0.01}"
GPR1mm,Ridge,5,16,0.25351590197797613,7.524392598445174,9.894971185328172,"{""model__alpha"": 1.0}"
GPR1mm,Ridge,5,17,0.6154087949816502,7.64824179560028,8.804547082120843,"{""model__alpha"": 1.0}"
GPR1mm,Ridge,5,18,0.690563802573992,5.597779503397326,6.823112851985528,"{""model__alpha"": 0.01}"
GPR1mm,Ridge,5,19,0.4218178590747389,10.501189424729915,12.419613083000622,"{""model__alpha"": 1.0}"
GPR1mm,Ridge,5,20,0.7626349437020992,5.928664986842985,6.829498054066087,"{""model__alpha"": 0.1}"
GPR1mm,Ridge,5,21,0.5534554240896264,7.552719456494954,9.414984207349585,"{""model__alpha"": 0.01}"
GPR1mm,Ridge,5,22,0.530721524368283,7.207335827023701,9.388594668783103,"{""model__alpha"": 0.01}"
GPR1mm,Ridge,5,23,0.12442131318595606,8.115909240706651,10.516605012845508,"{""model__alpha"": 0.1}"
GPR1mm,Ridge,5,24,0.38792926547996653,10.413300843399876,13.092301491346952,"{""model__alpha"": 10.0}"
GPR1mm,SVR,5,0,0.463845176508195,8.445483067574393,10.651841087560722,"{""model__C"": 10, ""model__epsilon"": 0.5, ""model__gamma"": ""scale""}"
GPR1mm,SVR,5,1,0.3670333285957029,7.548061349582185,9.471091044305922,"{""model__C"": 10, ""model__epsilon"": 0.5, ""model__gamma"": ""scale""}"
GPR1mm,SVR,5,2,0.38318904400862686,7.07837993016623,9.900539172664358,"{""model__C"": 100, ""model__epsilon"": 0.1, ""model__gamma"": ""scale""}"
GPR1mm,SVR,5,3,-0.026494352206627658,10.024350106571779,13.109029380397857,"{""model__C"": 100, ""model__epsilon"": 0.5, ""model__gamma"": 0.03}"
GPR1mm,SVR,5,4,0.5246122425792417,9.33100885803175,11.982511091622765,"{""model__C"": 10, ""model__epsilon"": 0.5, ""model__gamma"": ""scale""}"
GPR1mm,SVR,5,5,0.49690494765255455,8.685082370754955,9.735020857962274,"{""model__C"": 10, ""model__epsilon"": 0.5, ""model__gamma"": ""scale""}"
GPR1mm,SVR,5,6,0.22055174753795703,10.285550534777022,13.487799223380847,"{""model__C"": 100, ""model__epsilon"": 0.5, ""model__gamma"": ""scale""}"
GPR1mm,SVR,5,7,0.5641399879135551,7.119850095162678,9.010484835142622,"{""model__C"": 100, ""model__epsilon"": 0.5, ""model__gamma"": 0.03}"
GPR1mm,SVR,5,8,0.4022511502440377,8.145485679316245,10.454553942430273,"{""model__C"": 100, ""model__epsilon"": 0.5, ""model__gamma"": ""scale""}"
GPR1mm,SVR,5,9,0.3135501445081823,9.547442951643495,11.402959029903013,"{""model__C"": 10, ""model__epsilon"": 0.1, ""model__gamma"": 0.03}"
GPR1mm,SVR,5,10,0.5763581186220381,6.562278758031741,8.24327863319549,"{""model__C"": 10, ""model__epsilon"": 0.5, ""model__gamma"": ""scale""}"
GPR1mm,SVR,5,11,0.4145820928293815,7.796222443871045,10.72438609798867,"{""model__C"": 100, ""model__epsilon"": 0.1, ""model__gamma"": 0.1}"
GPR1mm,SVR,5,12,0.478403795635295,7.289945862632765,10.482011400300605,"{""model__C"": 100, ""model__epsilon"": 0.5, ""model__gamma"": ""scale""}"
GPR1mm,SVR,5,13,0.6007611549240525,7.7184676363114635,9.740072504169252,"{""model__C"": 10, ""model__epsilon"": 0.5, ""model__gamma"": ""scale""}"
GPR1mm,SVR,5,14,0.3794845336713242,8.806917537268845,10.716768566365932,"{""model__C"": 10, ""model__epsilon"": 0.1, ""model__gamma"": 0.1}"
GPR1mm,SVR,5,15,0.55480818127338,8.03814561340717,10.49562254809387,"{""model__C"": 10, ""model__epsilon"": 0.5, ""model__gamma"": ""scale""}"
GPR1mm,SVR,5,16,0.18813230336866205,8.076450726454377,10.319220306520638,"{""model__C"": 10, ""model__epsilon"": 0.1, ""model__gamma"": 0.03}"
GPR1mm,SVR,5,17,0.6281408977294229,7.306259534612349,8.657580815525108,"{""model__C"": 10, ""model__epsilon"": 0.5, ""model__gamma"": ""scale""}"
GPR1mm,SVR,5,18,0.557663056883229,6.966582521288679,8.157810313446292,"{""model__C"": 100, ""model__epsilon"": 0.5, ""model__gamma"": 0.1}"
GPR1mm,SVR,5,19,0.336191229962145,10.774757582506481,13.307522913953555,"{""model__C"": 10, ""model__epsilon"": 0.5, ""model__gamma"": ""scale""}"
GPR1mm,SVR,5,20,0.7286865338660075,5.984266903204111,7.301566889685845,"{""model__C"": 10, ""model__epsilon"": 0.5, ""model__gamma"": ""scale""}"
GPR1mm,SVR,5,21,0.5477678161935766,7.024937716225479,9.47475349698828,"{""model__C"": 10, ""model__epsilon"": 0.5, ""model__gamma"": ""scale""}"
GPR1mm,SVR,5,22,0.5374280556550066,6.554965783230539,9.321266323849867,"{""model__C"": 100, ""model__epsilon"": 0.5, ""model__gamma"": 0.1}"
GPR1mm,SVR,5,23,0.10418228177292088,7.979060301179966,10.637456474171733,"{""model__C"": 10, ""model__epsilon"": 0.5, ""model__gamma"": ""scale""}"
GPR1mm,SVR,5,24,0.46824461028102293,9.167159722503882,12.203127268899944,"{""model__C"": 100, ""model__epsilon"": 0.5, ""model__gamma"": 0.1}"
GPR1mm,RandomForest,5,0,0.6232121215081321,7.829498052708328,8.929518294023323,"{""max_depth"": 5, ""max_features"": ""sqrt"", ""min_samples_leaf"": 3}"
GPR1mm,RandomForest,5,1,0.41183330273283236,7.57401523017556,9.129769336293052,"{""max_depth"": 5, ""max_features"": ""sqrt"", ""min_samples_leaf"": 1}"
GPR1mm,RandomForest,5,2,0.5480481179935249,7.329396847618185,8.474789238934253,"{""max_depth"": 5, ""max_features"": ""sqrt"", ""min_samples_leaf"": 5}"
GPR1mm,RandomForest,5,3,0.16381988012730686,8.993987172742749,11.831564447867045,"{""max_depth"": 5, ""max_features"": 1.0, ""min_samples_leaf"": 1}"
GPR1mm,RandomForest,5,4,0.45686309993819263,9.549625205383428,12.807916797727135,"{""max_depth"": null, ""max_features"": 1.0, ""min_samples_leaf"": 5}"
GPR1mm,RandomForest,5,5,0.5726903515256951,8.26801817846043,8.97187497088969,"{""max_depth"": null, ""max_features"": 1.0, ""min_samples_leaf"": 3}"
GPR1mm,RandomForest,5,6,0.15396373019859033,10.905786976522856,14.0521229020951,"{""max_depth"": 5, ""max_features"": ""sqrt"", ""min_samples_leaf"": 1}"
GPR1mm,RandomForest,5,7,0.6389869512682032,6.686208713511956,8.200420008693039,"{""max_depth"": 5, ""max_features"": ""sqrt"", ""min_samples_leaf"": 1}"
GPR1mm,RandomForest,5,8,0.6557411216055509,6.246473953371309,7.933936276296852,"{""max_depth"": 5, ""max_features"": ""sqrt"", ""min_samples_leaf"": 3}"
GPR1mm,RandomForest,5,9,0.4551490856562892,8.245177136145118,10.159024249680323,"{""max_depth"": null, ""max_features"": ""sqrt"", ""min_samples_leaf"": 3}"
GPR1mm,RandomForest,5,10,0.48916150510793366,6.862306605200379,9.051954120579582,"{""max_depth"": 10, ""max_features"": ""sqrt"", ""min_samples_leaf"": 1}"
GPR1mm,RandomForest,5,11,0.4856721504631829,7.29862797619046,10.0521615605258,"{""max_depth"": null, ""max_features"": ""sqrt"", ""min_samples_leaf"": 1}"
GPR1mm,RandomForest,5,12,0.4150676094801634,8.525139017534277,11.100185895760289,"{""max_depth"": 5, ""max_features"": 1.0, ""min_samples_leaf"": 1}"
GPR1mm,RandomForest,5,13,0.5528870873020628,8.369355594429223,10.307525092592554,"{""max_depth"": 5, ""max_features"": ""sqrt"", ""min_samples_leaf"": 5}"
GPR1mm,RandomForest,5,14,0.5211955453415107,8.301671477454962,9.413836209819756,"{""max_depth"": null, ""max_features"": ""sqrt"", ""min_samples_leaf"": 5}"
GPR1mm,RandomForest,5,15,0.4824245041298406,8.540667413850333,11.316743433917809,"{""max_depth"": null, ""max_features"": 1.0, ""min_samples_leaf"": 5}"
GPR1mm,RandomForest,5,16,0.2546634176568262,7.330440999999983,9.887362850718246,"{""max_depth"": null, ""max_features"": ""sqrt"", ""min_samples_leaf"": 1}"
GPR1mm,RandomForest,5,17,0.533334163619134,8.630322311930884,9.698629077191374,"{""max_depth"": 5, ""max_features"": ""sqrt"", ""min_samples_leaf"": 1}"
GPR1mm,RandomForest,5,18,0.7209932524898165,5.914204307598384,6.478945845052075,"{""max_depth"": 5, ""max_features"": ""sqrt"", ""min_samples_leaf"": 1}"
GPR1mm,RandomForest,5,19,0.3231445911866754,11.124092116091099,13.437661027933895,"{""max_depth"": 5, ""max_features"": ""sqrt"", ""min_samples_leaf"": 5}"
GPR1mm,RandomForest,5,20,0.7083617773793149,6.454252472860434,7.57011739898309,"{""max_depth"": 5, ""max_features"": ""sqrt"", ""min_samples_leaf"": 3}"
GPR1mm,RandomForest,5,21,0.5745109309551335,7.514833016233759,9.190336016933628,"{""max_depth"": 10, ""max_features"": ""sqrt"", ""min_samples_leaf"": 3}"
GPR1mm,RandomForest,5,22,0.5895016766510015,7.109973644658068,8.780939120537825,"{""max_depth"": 5, ""max_features"": ""sqrt"", ""min_samples_leaf"": 5}"
GPR1mm,RandomForest,5,23,0.04060808729168208,8.826783414101943,11.008445550292619,"{""max_depth"": 10, ""max_features"": ""sqrt"", ""min_samples_leaf"": 1}"
GPR1mm,RandomForest,5,24,0.5141286001551455,9.00065473987352,11.664761357179637,"{""max_depth"": 5, ""max_features"": ""sqrt"", ""min_samples_leaf"": 3}"
GPR1mm,XGBoost,5,0,0.5468381484080438,8.039923797607422,9.792785486138357,"{""learning_rate"": 0.03, ""max_depth"": 2, ""subsample"": 0.7}"
GPR1mm,XGBoost,5,1,0.4044791357259421,7.221302764892577,9.186669253405467,"{""learning_rate"": 0.03, ""max_depth"": 2, ""subsample"": 0.7}"
GPR1mm,XGBoost,5,2,0.233350718024397,8.284557495117186,11.03776576307739,"{""learning_rate"": 0.1, ""max_depth"": 5, ""subsample"": 0.7}"
GPR1mm,XGBoost,5,3,0.234675719553612,8.732803039550781,11.319180896984834,"{""learning_rate"": 0.1, ""max_depth"": 5, ""subsample"": 0.7}"
GPR1mm,XGBoost,5,4,0.38746449020354445,9.762568950653076,13.601583699382479,"{""learning_rate"": 0.03, ""max_depth"": 2, ""subsample"": 0.7}"
GPR1mm,XGBoost,5,5,0.5446473482282188,8.100367309570313,9.261595264750003,"{""learning_rate"": 0.03, ""max_depth"": 2, ""subsample"": 1.0}"
GPR1mm,XGBoost,5,6,0.0768844275932461,11.44055288696289,14.678290793886891,"{""learning_rate"": 0.1, ""max_depth"": 2, ""subsample"": 0.7}"
GPR1mm,XGBoost,5,7,0.6405070243230786,6.4327692260742175,8.183137549382975,"{""learning_rate"": 0.03, ""max_depth"": 2, ""subsample"": 0.7}"
GPR1mm,XGBoost,5,8,0.3521475296777713,8.316703857421876,10.883891226855091,"{""learning_rate"": 0.1, ""max_depth"": 5, ""subsample"": 0.7}"
GPR1mm,XGBoost,5,9,0.4985207872594587,7.608209069569905,9.746296576246248,"{""learning_rate"": 0.03, ""max_depth"": 3, ""subsample"": 1.0}"
GPR1mm,XGBoost,5,10,0.40793633167227583,7.6728994750976565,9.745065030585803,"{""learning_rate"": 0.03, ""max_depth"": 5, ""subsample"": 0.7}"
GPR1mm,XGBoost,5,11,0.44075367439056645,7.685857940673828,10.481924067333793,"{""learning_rate"": 0.03, ""max_depth"": 3, ""subsample"": 0.7}"
GPR1mm,XGBoost,5,12,0.3083582742161455,8.692069549560546,12.070298472555633,"{""learning_rate"": 0.03, ""max_depth"": 2, ""subsample"": 0.7}"
GPR1mm,XGBoost,5,13,0.6687711692233567,7.412989349365234,8.871761542645629,"{""learning_rate"": 0.03, ""max_depth"": 2, ""subsample"": 1.0}"
GPR1mm,XGBoost,5,14,0.5327287985620696,7.3872054417928075,9.299766717027254,"{""learning_rate"": 0.03, ""max_depth"": 2, ""subsample"": 0.7}"
GPR1mm,XGBoost,5,15,0.44735380158681604,8.30143502807617,11.693868612192377,"{""learning_rate"": 0.03, ""max_depth"": 2, ""subsample"": 1.0}"
GPR1mm,XGBoost,5,16,0.15191936931704264,7.607527160644532,10.5468513692594,"{""learning_rate"": 0.03, ""max_depth"": 5, ""subsample"": 0.7}"
GPR1mm,XGBoost,5,17,0.5557778144600665,8.237262451171874,9.462534331981026,"{""learning_rate"": 0.03, ""max_depth"": 2, ""subsample"": 0.7}"
GPR1mm,XGBoost,5,18,0.6217252317594655,6.3158291320800775,7.543982696510099,"{""learning_rate"": 0.03, ""max_depth"": 2, ""subsample"": 1.0}"
GPR1mm,XGBoost,5,19,0.24067817285214888,11.360357093811038,14.232745109626066,"{""learning_rate"": 0.03, ""max_depth"": 2, ""subsample"": 1.0}"
GPR1mm,XGBoost,5,20,0.5694215452308398,7.027185882568359,9.198278202977782,"{""learning_rate"": 0.03, ""max_depth"": 2, ""subsample"": 1.0}"
GPR1mm,XGBoost,5,21,0.5625927820822355,7.843874603271484,9.318159913245156,"{""learning_rate"": 0.03, ""max_depth"": 5, ""subsample"": 0.7}"
GPR1mm,XGBoost,5,22,0.5331841384763127,7.412148010253906,9.3639281873109,"{""learning_rate"": 0.03, ""max_depth"": 2, ""subsample"": 1.0}"
GPR1mm,XGBoost,5,23,-0.12831901671817691,8.955377319335938,11.93833952353448,"{""learning_rate"": 0.03, ""max_depth"": 3, ""subsample"": 1.0}"
GPR1mm,XGBoost,5,24,0.42929873713286537,9.31149304707845,12.642111232717031,"{""learning_rate"": 0.03, ""max_depth"": 2, ""subsample"": 0.7}"
GPR1mm,MLP,5,0,-0.3310467330657967,10.329071493398493,16.783256108714895,"{""model__alpha"": 1.0, ""model__hidden_layer_sizes"": [16]}"
GPR1mm,MLP,5,1,0.25109848119861555,8.422634528999533,10.302009490046242,"{""model__alpha"": 1.0, ""model__hidden_layer_sizes"": [32]}"
GPR1mm,MLP,5,2,0.23380018794163215,8.252809436552981,11.034529686851448,"{""model__alpha"": 1.0, ""model__hidden_layer_sizes"": [32]}"
GPR1mm,MLP,5,3,-0.1339404689184902,10.166683783845809,13.778038127041425,"{""model__alpha"": 1.0, ""model__hidden_layer_sizes"": [16]}"
GPR1mm,MLP,5,4,-0.670422865581562,13.129790859475515,22.46141211174155,"{""model__alpha"": 1.0, ""model__hidden_layer_sizes"": [16]}"
GPR1mm,MLP,5,5,-4.759997212463177,15.511581656655869,32.939954870904025,"{""model__alpha"": 1.0, ""model__hidden_layer_sizes"": [32]}"
GPR1mm,MLP,5,6,0.09978649347353319,10.824463852616605,14.495066462077933,"{""model__alpha"": 1.0, ""model__hidden_layer_sizes"": [32]}"
GPR1mm,MLP,5,7,0.4966985475952381,7.327354258909272,9.682527488843435,"{""model__alpha"": 1.0, ""model__hidden_layer_sizes"": [16]}"
GPR1mm,MLP,5,8,-1.9169579747781027,13.350550155891801,23.094641197124425,"{""model__alpha"": 1.0, ""model__hidden_layer_sizes"": [32]}"
GPR1mm,MLP,5,9,-0.004441902781570084,10.29896453384247,13.793534517432969,"{""model__alpha"": 1.0, ""model__hidden_layer_sizes"": [32]}"
GPR1mm,MLP,5,10,0.31358554922066617,8.85871379619427,10.4928567713961,"{""model__alpha"": 1.0, ""model__hidden_layer_sizes"": [16]}"
GPR1mm,MLP,5,11,-2.5766974793516186,12.69332827538759,26.508218635600823,"{""model__alpha"": 1.0, ""model__hidden_layer_sizes"": [16]}"
GPR1mm,MLP,5,12,-0.6352680049707025,13.234581423533841,18.559739928812974,"{""model__alpha"": 0.0001, ""model__hidden_layer_sizes"": [16]}"
GPR1mm,MLP,5,13,0.4214322417848333,9.038542371417712,11.72527152307453,"{""model__alpha"": 1.0, ""model__hidden_layer_sizes"": [32]}"
GPR1mm,MLP,5,14,-0.35334396134684853,10.55960500761625,15.826746322715719,"{""model__alpha"": 1.0, ""model__hidden_layer_sizes"": [32]}"
GPR1mm,MLP,5,15,0.13815676124116627,9.99689620568145,14.60322430323804,"{""model__alpha"": 1.0, ""model__hidden_layer_sizes"": [16]}"
GPR1mm,MLP,5,16,-0.21831307478374384,9.811338603504147,12.641066211038853,"{""model__alpha"": 1.0, ""model__hidden_layer_sizes"": [16]}"
GPR1mm,MLP,5,17,0.36530671331778786,8.962088949131108,11.310695177195907,"{""model__alpha"": 1.0, ""model__hidden_layer_sizes"": [32]}"
GPR1mm,MLP,5,18,0.08881536162928805,9.372907357875958,11.70847118210093,"{""model__alpha"": 1.0, ""model__hidden_layer_sizes"": [16]}"
GPR1mm,MLP,5,19,0.17796288701955,11.366841998802391,14.808853690490514,"{""model__alpha"": 1.0, ""model__hidden_layer_sizes"": [16]}"
GPR1mm,MLP,5,20,0.4381311341978703,7.163218577308516,10.507463187421875,"{""model__alpha"": 1.0, ""model__hidden_layer_sizes"": [32]}"
GPR1mm,MLP,5,21,-0.3142981828898759,10.267702071387582,16.15229137605334,"{""model__alpha"": 1.0, ""model__hidden_layer_sizes"": [32]}"
GPR1mm,MLP,5,22,0.5287406857510386,6.443514216556942,9.408388573920915,"{""model__alpha"": 1.0, ""model__hidden_layer_sizes"": [16]}"
GPR1mm,MLP,5,23,-3.0113543362932758,11.698094008424825,22.509895831606347,"{""model__alpha"": 1.0, ""model__hidden_layer_sizes"": [16]}"
GPR1mm,MLP,5,24,0.2173727836099859,10.054834914953334,14.804463165051189,"{""model__alpha"": 1.0, ""model__hidden_layer_sizes"": [32]}"
GPR1mm,Dummy,10,0,-0.01634026801493338,12.903111111111114,14.665576390452491,{}
GPR1mm,Dummy,10,1,-0.0005991586722480235,9.632727272727273,11.908022775755661,{}
GPR1mm,Dummy,10,2,-0.09638485054912782,11.490666666666662,13.199707874442343,{}
GPR1mm,Dummy,10,3,-0.18468354024427103,12.659313131313134,14.082943339108546,{}
GPR1mm,Dummy,10,4,-0.0008952802441275498,14.511666666666665,17.386740158331392,{}
GPR1mm,Dummy,10,5,-0.1414098594727271,12.949333333333332,14.663332177924188,{}
GPR1mm,Dummy,10,6,-0.007830807883739022,11.62561616161616,15.337029878743781,{}
GPR1mm,Dummy,10,7,-0.011899484321094667,12.344161616161616,13.729140013179245,{}
GPR1mm,Dummy,10,8,-0.04792240215283261,12.063353535353535,13.842377714605126,{}
GPR1mm,Dummy,10,9,-0.03068796645905225,11.807166666666669,13.972584919524854,{}
GPR1mm,Dummy,10,10,-0.0871279150912927,11.695111111111105,13.205074616718324,{}
GPR1mm,Dummy,10,11,-0.0513300399419554,13.01438383838384,14.371727582256847,{}
GPR1mm,Dummy,10,12,-0.01728304659733504,10.735515151515148,14.638558746797813,{}
GPR1mm,Dummy,10,13,-0.006823704134032882,13.78448484848485,15.467584965825568,{}
GPR1mm,Dummy,10,14,-2.971956359409944e-05,11.4375,13.604857588376294,{}
GPR1mm,Dummy,10,15,-0.03493503943186327,12.297454545454547,16.002622558254792,{}
GPR1mm,Dummy,10,16,-0.050986513953725554,10.35272727272727,11.740938824696116,{}
GPR1mm,Dummy,10,17,-0.001368742038709847,11.944969696969697,14.207064799432857,{}
GPR1mm,Dummy,10,18,-0.03594486095402627,11.145858585858583,12.48433221122085,{}
GPR1mm,Dummy,10,19,-0.008336773274580267,15.108333333333334,16.401309825742576,{}
GPR1mm,Dummy,10,20,-0.09554377960584404,12.915151515151514,14.67220079802361,{}
GPR1mm,Dummy,10,21,-0.002591610904455477,12.4790303030303,14.107472742663056,{}
GPR1mm,Dummy,10,22,-6.970525925820148e-05,11.938909090909092,13.705674332452759,{}
GPR1mm,Dummy,10,23,-0.13761064781625576,9.869333333333334,11.987394450490987,{}
GPR1mm,Dummy,10,24,-0.0007322281065895719,13.670250000000001,16.74072003628677,{}
GPR1mm,Ridge,10,0,0.5559345604696492,8.613702096811629,9.694000932891086,"{""model__alpha"": 1.0}"
GPR1mm,Ridge,10,1,0.39507084612984844,7.338400185574312,9.258952318867463,"{""model__alpha"": 10.0}"
GPR1mm,Ridge,10,2,0.7818164635293232,4.8665344958869765,5.888352426501935,"{""model__alpha"": 1.0}"
GPR1mm,Ridge,10,3,0.12927834061359178,8.795794669863092,12.073465031376447,"{""model__alpha"": 10.0}"
GPR1mm,Ridge,10,4,0.3864236732543971,10.780759496727773,13.613134662514845,"{""model__alpha"": 10.0}"
GPR1mm,Ridge,10,5,0.3778525693649183,9.474725006220453,10.825763098986126,"{""model__alpha"": 1.0}"
GPR1mm,Ridge,10,6,0.2364137120473937,9.44886107942392,13.349853786915304,"{""model__alpha"": 0.1}"
GPR1mm,Ridge,10,7,0.5803659186255139,7.653697019491202,8.841175739485793,"{""model__alpha"": 10.0}"
GPR1mm,Ridge,10,8,0.5832471369013841,6.8736440658250535,8.729420804745835,"{""model__alpha"": 0.1}"
GPR1mm,Ridge,10,9,0.4347417795805718,8.559708598775428,10.347527717961297,"{""model__alpha"": 10.0}"
GPR1mm,Ridge,10,10,0.6090559840324248,6.4962813080056865,7.918771670737555,"{""model__alpha"": 10.0}"
GPR1mm,Ridge,10,11,0.4397699315762801,8.223773718985994,10.491139136232572,"{""model__alpha"": 1.0}"
GPR1mm,Ridge,10,12,0.47957296338510347,7.625496153491367,10.470256996348189,"{""model__alpha"": 0.01}"
GPR1mm,Ridge,10,13,0.4190566375701259,9.400354154015217,11.749318896777103,"{""model__alpha"": 10.0}"
GPR1mm,Ridge,10,14,0.4685969229249187,8.236563126673593,9.917439940150317,"{""model__alpha"": 1.0}"
GPR1mm,Ridge,10,15,0.36774576745550125,9.247054405539,12.50778735489157,"{""model__alpha"": 1.0}"
GPR1mm,Ridge,10,16,0.3659272448256019,7.131349859908717,9.119558214116578,"{""model__alpha"": 10.0}"
GPR1mm,Ridge,10,17,0.5907396386444113,7.855543902649768,9.082537249280454,"{""model__alpha"": 1.0}"
GPR1mm,Ridge,10,18,0.6266620858093246,6.254179658791206,7.49459286104626,"{""model__alpha"": 1.0}"
GPR1mm,Ridge,10,19,0.3836192167411969,10.530683949867813,12.823313943370746,"{""model__alpha"": 10.0}"
GPR1mm,Ridge,10,20,0.7776487572682269,5.568359117370368,6.609980432331039,"{""model__alpha"": 1.0}"
GPR1mm,Ridge,10,21,0.4923373953685476,7.718525729324037,10.038637535522748,"{""model__alpha"": 0.1}"
GPR1mm,Ridge,10,22,0.49313760573249366,7.971969585520017,9.757314594436846,"{""model__alpha"": 1.0}"
GPR1mm,Ridge,10,23,0.05886836410493379,8.372123830960241,10.903179406166329,"{""model__alpha"": 1.0}"
GPR1mm,Ridge,10,24,0.42974527760693493,10.106678802160799,12.63716440728883,"{""model__alpha"": 10.0}"
GPR1mm,SVR,10,0,0.3746676361668819,8.254426108034163,11.503633131662502,"{""model__C"": 100, ""model__epsilon"": 0.1, ""model__gamma"": 0.03}"
GPR1mm,SVR,10,1,0.45910087197137617,6.925484944799897,8.755233449430161,"{""model__C"": 10, ""model__epsilon"": 0.1, ""model__gamma"": ""scale""}"
GPR1mm,SVR,10,2,0.6867574715891193,5.825007041608752,7.055424799290445,"{""model__C"": 10, ""model__epsilon"": 0.1, ""model__gamma"": 0.1}"
GPR1mm,SVR,10,3,0.18441978826010685,9.255633699836926,11.684916000709189,"{""model__C"": 10, ""model__epsilon"": 0.5, ""model__gamma"": 0.03}"
GPR1mm,SVR,10,4,0.56655687059485,8.942140226944352,11.441682829419008,"{""model__C"": 10, ""model__epsilon"": 0.5, ""model__gamma"": ""scale""}"
GPR1mm,SVR,10,5,0.4489260179415142,9.197427573623715,10.18865406150703,"{""model__C"": 10, ""model__epsilon"": 0.5, ""model__gamma"": ""scale""}"
GPR1mm,SVR,10,6,0.3982050050935536,8.829086922761903,11.851456706547971,"{""model__C"": 10, ""model__epsilon"": 0.5, ""model__gamma"": ""scale""}"
GPR1mm,SVR,10,7,0.6050872452150261,6.9891323461744355,8.576798896738467,"{""model__C"": 10, ""model__epsilon"": 0.1, ""model__gamma"": 0.03}"
GPR1mm,SVR,10,8,0.4756609046875818,6.919614379676532,9.791568205791318,"{""model__C"": 10, ""model__epsilon"": 0.5, ""model__gamma"": ""scale""}"
GPR1mm,SVR,10,9,0.4033957666127206,8.660492976063537,10.630564339712501,"{""model__C"": 10, ""model__epsilon"": 0.5, ""model__gamma"": 0.03}"
GPR1mm,SVR,10,10,0.4740304815023688,7.392401869888477,9.18503517620295,"{""model__C"": 100, ""model__epsilon"": 0.5, ""model__gamma"": ""scale""}"
GPR1mm,SVR,10,11,0.4446563022677834,7.9145313924721385,10.445286664968043,"{""model__C"": 10, ""model__epsilon"": 0.1, ""model__gamma"": ""scale""}"
GPR1mm,SVR,10,12,0.6071115421231752,6.31494560587694,9.097290262626153,"{""model__C"": 100, ""model__epsilon"": 0.1, ""model__gamma"": 0.03}"
GPR1mm,SVR,10,13,0.635466109576508,7.192203559611671,9.307107918674348,"{""model__C"": 100, ""model__epsilon"": 0.5, ""model__gamma"": 0.03}"
GPR1mm,SVR,10,14,0.41260251472677634,8.560801139871613,10.426861098131614,"{""model__C"": 100, ""model__epsilon"": 0.5, ""model__gamma"": 0.03}"
GPR1mm,SVR,10,15,0.5700552964455335,8.048877757484485,10.314327527703929,"{""model__C"": 10, ""model__epsilon"": 0.5, ""model__gamma"": ""scale""}"
GPR1mm,SVR,10,16,0.23353179223114073,7.440419162049657,10.02654543892367,"{""model__C"": 10, ""model__epsilon"": 0.1, ""model__gamma"": 0.03}"
GPR1mm,SVR,10,17,0.6161432946708945,7.388847026111384,8.796135517278033,"{""model__C"": 10, ""model__epsilon"": 0.1, ""model__gamma"": ""scale""}"
GPR1mm,SVR,10,18,0.6454918440170777,5.947295441686174,7.303148176007385,"{""model__C"": 10, ""model__epsilon"": 0.1, ""model__gamma"": 0.1}"
GPR1mm,SVR,10,19,0.3295188866957077,10.164675766683105,13.374236667126253,"{""model__C"": 100, ""model__epsilon"": 0.1, ""model__gamma"": 0.03}"
GPR1mm,SVR,10,20,0.6745490202488049,6.557498343548451,7.996927982689729,"{""model__C"": 10, ""model__epsilon"": 0.1, ""model__gamma"": ""scale""}"
GPR1mm,SVR,10,21,0.18660284220873757,9.599190470967981,12.706867808628425,"{""model__C"": 100, ""model__epsilon"": 0.5, ""model__gamma"": 0.1}"
GPR1mm,SVR,10,22,0.588780823242183,7.197487624191253,8.788645599633188,"{""model__C"": 10, ""model__epsilon"": 0.5, ""model__gamma"": ""scale""}"
GPR1mm,SVR,10,23,0.10080237131131009,8.484423700139626,10.65750508469548,"{""model__C"": 100, ""model__epsilon"": 0.5, ""model__gamma"": 0.03}"
GPR1mm,SVR,10,24,0.4840261107744481,9.565319860293611,12.020680463549962,"{""model__C"": 10, ""model__epsilon"": 0.5, ""model__gamma"": 0.03}"
GPR1mm,RandomForest,10,0,0.6709556753148802,7.218329916666671,8.344623992628156,"{""max_depth"": null, ""max_features"": ""sqrt"", ""min_samples_leaf"": 1}"
GPR1mm,RandomForest,10,1,0.5202637442394467,6.741602968586981,8.245383512975193,"{""max_depth"": 10, ""max_features"": ""sqrt"", ""min_samples_leaf"": 1}"
GPR1mm,RandomForest,10,2,0.6314874575671168,6.307771333333265,7.652598772184051,"{""max_depth"": null, ""max_features"": ""sqrt"", ""min_samples_leaf"": 1}"
GPR1mm,RandomForest,10,3,0.32830212761532884,7.9643473098776845,10.604232497138334,"{""max_depth"": 5, ""max_features"": 1.0, ""min_samples_leaf"": 1}"
GPR1mm,RandomForest,10,4,0.557509002496019,8.699122676418584,11.560485218671904,"{""max_depth"": 10, ""max_features"": ""sqrt"", ""min_samples_leaf"": 1}"
GPR1mm,RandomForest,10,5,0.6164205286228017,7.488197059523788,8.500403498456649,"{""max_depth"": null, ""max_features"": ""sqrt"", ""min_samples_leaf"": 1}"
GPR1mm,RandomForest,10,6,0.2265386264746697,9.997247288170188,13.435900025841843,"{""max_depth"": 10, ""max_features"": ""sqrt"", ""min_samples_leaf"": 1}"
GPR1mm,RandomForest,10,7,0.7584677724456251,5.591246935712413,6.70752330288371,"{""max_depth"": 10, ""max_features"": ""sqrt"", ""min_samples_leaf"": 1}"
GPR1mm,RandomForest,10,8,0.6543691630985924,6.126277469248536,7.949729925651038,"{""max_depth"": 5, ""max_features"": 1.0, ""min_samples_leaf"": 3}"
GPR1mm,RandomForest,10,9,0.5877060213974454,7.1430398467386,8.837240028508605,"{""max_depth"": 10, ""max_features"": 1.0, ""min_samples_leaf"": 1}"
GPR1mm,RandomForest,10,10,0.6624241196890213,5.662786642824505,7.358448254191269,"{""max_depth"": 10, ""max_features"": 1.0, ""min_samples_leaf"": 1}"
GPR1mm,RandomForest,10,11,0.5712979117815954,6.860591140878699,9.177348821346223,"{""max_depth"": 10, ""max_features"": ""sqrt"", ""min_samples_leaf"": 1}"
GPR1mm,RandomForest,10,12,0.48594892803267853,7.651420428571392,10.405921637301946,"{""max_depth"": null, ""max_features"": ""sqrt"", ""min_samples_leaf"": 1}"
GPR1mm,RandomForest,10,13,0.671848639251136,6.8536812813852634,8.830451288872275,"{""max_depth"": 10, ""max_features"": ""sqrt"", ""min_samples_leaf"": 1}"
GPR1mm,RandomForest,10,14,0.6095156603567946,7.243682303104218,8.501378595901574,"{""max_depth"": 10, ""max_features"": ""sqrt"", ""min_samples_leaf"": 1}"
GPR1mm,RandomForest,10,15,0.558010445641005,7.3852741666666795,10.45780692146307,"{""max_depth"": null, ""max_features"": 1.0, ""min_samples_leaf"": 1}"
GPR1mm,RandomForest,10,16,0.5108869113262127,5.754635536678893,8.00956436823602,"{""max_depth"": 10, ""max_features"": ""sqrt"", ""min_samples_leaf"": 1}"
GPR1mm,RandomForest,10,17,0.6401972213900344,7.382379605385649,8.516077448565273,"{""max_depth"": 10, ""max_features"": 1.0, ""min_samples_leaf"": 1}"
GPR1mm,RandomForest,10,18,0.6822111479374224,5.917675595238031,6.914588280805914,"{""max_depth"": null, ""max_features"": ""sqrt"", ""min_samples_leaf"": 1}"
GPR1mm,RandomForest,10,19,0.4024376041179939,10.636666180752128,12.6260457790705,"{""max_depth"": 10, ""max_features"": ""sqrt"", ""min_samples_leaf"": 1}"
GPR1mm,RandomForest,10,20,0.7042949519695476,5.86018837487509,7.6227164038776545,"{""max_depth"": 10, ""max_features"": 1.0, ""min_samples_leaf"": 1}"
GPR1mm,RandomForest,10,21,0.6197048806016576,6.670983869047619,8.688555158969036,"{""max_depth"": null, ""max_features"": ""sqrt"", ""min_samples_leaf"": 1}"
GPR1mm,RandomForest,10,22,0.6367899111339658,6.584472407095116,8.259699056701878,"{""max_depth"": 10, ""max_features"": ""sqrt"", ""min_samples_leaf"": 1}"
GPR1mm,RandomForest,10,23,0.1370470857926358,8.609502749999985,10.440505389690953,"{""max_depth"": null, ""max_features"": ""sqrt"", ""min_samples_leaf"": 1}"
GPR1mm,RandomForest,10,24,0.579094787625567,8.147226295299419,10.856937616137584,"{""max_depth"": 10, ""max_features"": ""sqrt"", ""min_samples_leaf"": 1}"
GPR1mm,XGBoost,10,0,0.6353674960742708,6.536900360107421,8.78430203292484,"{""learning_rate"": 0.03, ""max_depth"": 3, ""subsample"": 1.0}"
GPR1mm,XGBoost,10,1,0.5233236646316437,6.429671783447265,8.21904552268633,"{""learning_rate"": 0.03, ""max_depth"": 3, ""subsample"": 1.0}"
GPR1mm,XGBoost,10,2,0.633477470621614,6.172592742919923,7.631908314315233,"{""learning_rate"": 0.03, ""max_depth"": 3, ""subsample"": 0.7}"
GPR1mm,XGBoost,10,3,0.43611327232832375,7.012385314941406,9.716015322321622,"{""learning_rate"": 0.1, ""max_depth"": 3, ""subsample"": 0.7}"
GPR1mm,XGBoost,10,4,0.45477818758291755,9.002765274047853,12.832475805600053,"{""learning_rate"": 0.03, ""max_depth"": 2, ""subsample"": 0.7}"
GPR1mm,XGBoost,10,5,0.6263538560153381,7.128399078369141,8.389616624276673,"{""learning_rate"": 0.03, ""max_depth"": 2, ""subsample"": 0.7}"
GPR1mm,XGBoost,10,6,0.19145715157728105,9.865551300048828,13.73722364543679,"{""learning_rate"": 0.1, ""max_depth"": 3, ""subsample"": 1.0}"
GPR1mm,XGBoost,10,7,0.8376167082632293,4.082098937988281,5.4997799985539855,"{""learning_rate"": 0.1, ""max_depth"": 5, ""subsample"": 0.7}"
GPR1mm,XGBoost,10,8,0.5276373516963802,6.933294830322265,9.293598530082328,"{""learning_rate"": 0.1, ""max_depth"": 3, ""subsample"": 0.7}"
GPR1mm,XGBoost,10,9,0.6007567570650136,6.609306144714355,8.69624851602234,"{""learning_rate"": 0.03, ""max_depth"": 5, ""subsample"": 0.7}"
GPR1mm,XGBoost,10,10,0.6204668138315483,6.088319152832032,7.802349745369358,"{""learning_rate"": 0.03, ""max_depth"": 5, ""subsample"": 0.7}"
GPR1mm,XGBoost,10,11,0.5514229554479325,6.788596984863281,9.387673189980715,"{""learning_rate"": 0.03, ""max_depth"": 3, ""subsample"": 0.7}"
GPR1mm,XGBoost,10,12,0.41454351987643323,7.699233642578126,11.105157572497081,"{""learning_rate"": 0.03, ""max_depth"": 3, ""subsample"": 1.0}"
GPR1mm,XGBoost,10,13,0.6811403877691498,6.37379800415039,8.704534506446084,"{""learning_rate"": 0.03, ""max_depth"": 3, ""subsample"": 0.7}"
GPR1mm,XGBoost,10,14,0.6397023001769664,6.245281664530437,8.166167645397941,"{""learning_rate"": 0.1, ""max_depth"": 2, ""subsample"": 0.7}"
GPR1mm,XGBoost,10,15,0.5341920496280763,7.353841125488282,10.735890292368671,"{""learning_rate"": 0.03, ""max_depth"": 5, ""subsample"": 0.7}"
GPR1mm,XGBoost,10,16,0.34159387765541227,6.291997192382812,9.292898290062281,"{""learning_rate"": 0.03, ""max_depth"": 3, ""subsample"": 0.7}"
GPR1mm,XGBoost,10,17,0.5523278717384714,7.819561126708985,9.499207493186438,"{""learning_rate"": 0.1, ""max_depth"": 3, ""subsample"": 0.7}"
GPR1mm,XGBoost,10,18,0.6247018167313878,5.660943237304689,7.5142428666385985,"{""learning_rate"": 0.1, ""max_depth"": 5, ""subsample"": 0.7}"
GPR1mm,XGBoost,10,19,0.37259735551762563,9.732721106211345,12.937456488079814,"{""learning_rate"": 0.1, ""max_depth"": 2, ""subsample"": 0.7}"
GPR1mm,XGBoost,10,20,0.5966546755634783,6.986905731201172,8.902641943575906,"{""learning_rate"": 0.03, ""max_depth"": 3, ""subsample"": 1.0}"
GPR1mm,XGBoost,10,21,0.7022326680129095,5.952398132324217,7.688218392661132,"{""learning_rate"": 0.03, ""max_depth"": 5, ""subsample"": 1.0}"
GPR1mm,XGBoost,10,22,0.5847624219824133,6.900458557128907,8.83148217985134,"{""learning_rate"": 0.1, ""max_depth"": 5, ""subsample"": 0.7}"
GPR1mm,XGBoost,10,23,0.12166487657318104,8.235344390869141,10.533145831272593,"{""learning_rate"": 0.1, ""max_depth"": 2, ""subsample"": 0.7}"
GPR1mm,XGBoost,10,24,0.49104554472758244,7.98267437616984,11.938634337652477,"{""learning_rate"": 0.03, ""max_depth"": 2, ""subsample"": 0.7}"
GPR1mm,MLP,10,0,-0.7954982973090732,13.361974605833055,19.492703135956543,"{""model__alpha"": 1.0, ""model__hidden_layer_sizes"": [32, 16]}"
GPR1mm,MLP,10,1,0.38972850579901985,7.4008228599253565,9.299746967431402,"{""model__alpha"": 1.0, ""model__hidden_layer_sizes"": [32, 16]}"
GPR1mm,MLP,10,2,0.29933652841688596,8.222831902267194,10.55206712269151,"{""model__alpha"": 1.0, ""model__hidden_layer_sizes"": [32, 16]}"
GPR1mm,MLP,10,3,0.20635489670390295,8.441531919251444,11.526711548265776,"{""model__alpha"": 1.0, ""model__hidden_layer_sizes"": [32, 16]}"
GPR1mm,MLP,10,4,-0.18457910066353134,13.509033475607666,18.914979552590196,"{""model__alpha"": 0.01, ""model__hidden_layer_sizes"": [32, 16]}"
GPR1mm,MLP,10,5,-0.5407896726904979,11.458750237400322,17.036624159469127,"{""model__alpha"": 1.0, ""model__hidden_layer_sizes"": [32, 16]}"
GPR1mm,MLP,10,6,-0.11481322906207692,11.740233148859422,16.130525108029055,"{""model__alpha"": 1.0, ""model__hidden_layer_sizes"": [32]}"
GPR1mm,MLP,10,7,0.3937828348133794,7.706837745014404,10.626463662454965,"{""model__alpha"": 1.0, ""model__hidden_layer_sizes"": [32, 16]}"
GPR1mm,MLP,10,8,0.18397248528335808,8.569885685432023,12.215142408448674,"{""model__alpha"": 0.01, ""model__hidden_layer_sizes"": [32, 16]}"
GPR1mm,MLP,10,9,-0.4215969442447667,10.167595037846437,16.409728496988418,"{""model__alpha"": 1.0, ""model__hidden_layer_sizes"": [32]}"
GPR1mm,MLP,10,10,0.28497763381181407,8.349605614649711,10.709281865250711,"{""model__alpha"": 1.0, ""model__hidden_layer_sizes"": [32]}"
GPR1mm,MLP,10,11,0.2111028554026988,9.705416798215234,12.44943470295193,"{""model__alpha"": 1.0, ""model__hidden_layer_sizes"": [32]}"
GPR1mm,MLP,10,12,0.27052829228225783,8.146549961813104,12.396002147859218,"{""model__alpha"": 1.0, ""model__hidden_layer_sizes"": [32, 16]}"
GPR1mm,MLP,10,13,-0.26470476654385666,11.260833719108632,17.335659658558512,"{""model__alpha"": 1.0, ""model__hidden_layer_sizes"": [16]}"
GPR1mm,MLP,10,14,-0.3458920047165761,10.930385606497746,15.78311254094477,"{""model__alpha"": 1.0, ""model__hidden_layer_sizes"": [32]}"
GPR1mm,MLP,10,15,0.13630834658872437,9.523113739516571,14.618875848111275,"{""model__alpha"": 1.0, ""model__hidden_layer_sizes"": [32, 16]}"
GPR1mm,MLP,10,16,-0.6305040699585658,10.372250934722402,14.623966958951033,"{""model__alpha"": 1.0, ""model__hidden_layer_sizes"": [32]}"
GPR1mm,MLP,10,17,0.4837711911587226,8.405972653348403,10.200664517977753,"{""model__alpha"": 1.0, ""model__hidden_layer_sizes"": [32]}"
GPR1mm,MLP,10,18,0.21636426010758691,8.905603797188578,10.858106927798936,"{""model__alpha"": 1.0, ""model__hidden_layer_sizes"": [32, 16]}"
GPR1mm,MLP,10,19,-0.7145679402720366,15.367145488025907,21.387158063433414,"{""model__alpha"": 1.0, ""model__hidden_layer_sizes"": [32, 16]}"
GPR1mm,MLP,10,20,0.33549142686373623,7.874945751566398,11.426959482487778,"{""model__alpha"": 0.01, ""model__hidden_layer_sizes"": [32]}"
GPR1mm,MLP,10,21,-0.869829385964485,14.467069203838605,19.265850107195885,"{""model__alpha"": 0.01, ""model__hidden_layer_sizes"": [32]}"
GPR1mm,MLP,10,22,0.18328391728146243,9.676794532629934,12.385707690845878,"{""model__alpha"": 1.0, ""model__hidden_layer_sizes"": [32]}"
GPR1mm,MLP,10,23,-1.363630031037364,12.78367351004727,17.278964870760454,"{""model__alpha"": 1.0, ""model__hidden_layer_sizes"": [32]}"
GPR1mm,MLP,10,24,0.5663610956791314,8.081219106879294,11.019942021789028,"{""model__alpha"": 0.01, ""model__hidden_layer_sizes"": [32]}"
GPR1mm,Dummy,15,0,-0.01634026801493338,12.903111111111114,14.665576390452491,{}
GPR1mm,Dummy,15,1,-0.0005991586722480235,9.632727272727273,11.908022775755661,{}
GPR1mm,Dummy,15,2,-0.09638485054912782,11.490666666666662,13.199707874442343,{}
GPR1mm,Dummy,15,3,-0.18468354024427103,12.659313131313134,14.082943339108546,{}
GPR1mm,Dummy,15,4,-0.0008952802441275498,14.511666666666665,17.386740158331392,{}
GPR1mm,Dummy,15,5,-0.1414098594727271,12.949333333333332,14.663332177924188,{}
GPR1mm,Dummy,15,6,-0.007830807883739022,11.62561616161616,15.337029878743781,{}
GPR1mm,Dummy,15,7,-0.011899484321094667,12.344161616161616,13.729140013179245,{}
GPR1mm,Dummy,15,8,-0.04792240215283261,12.063353535353535,13.842377714605126,{}
GPR1mm,Dummy,15,9,-0.03068796645905225,11.807166666666669,13.972584919524854,{}
GPR1mm,Dummy,15,10,-0.0871279150912927,11.695111111111105,13.205074616718324,{}
GPR1mm,Dummy,15,11,-0.0513300399419554,13.01438383838384,14.371727582256847,{}
GPR1mm,Dummy,15,12,-0.01728304659733504,10.735515151515148,14.638558746797813,{}
GPR1mm,Dummy,15,13,-0.006823704134032882,13.78448484848485,15.467584965825568,{}
GPR1mm,Dummy,15,14,-2.971956359409944e-05,11.4375,13.604857588376294,{}
GPR1mm,Dummy,15,15,-0.03493503943186327,12.297454545454547,16.002622558254792,{}
GPR1mm,Dummy,15,16,-0.050986513953725554,10.35272727272727,11.740938824696116,{}
GPR1mm,Dummy,15,17,-0.001368742038709847,11.944969696969697,14.207064799432857,{}
GPR1mm,Dummy,15,18,-0.03594486095402627,11.145858585858583,12.48433221122085,{}
GPR1mm,Dummy,15,19,-0.008336773274580267,15.108333333333334,16.401309825742576,{}
GPR1mm,Dummy,15,20,-0.09554377960584404,12.915151515151514,14.67220079802361,{}
GPR1mm,Dummy,15,21,-0.002591610904455477,12.4790303030303,14.107472742663056,{}
GPR1mm,Dummy,15,22,-6.970525925820148e-05,11.938909090909092,13.705674332452759,{}
GPR1mm,Dummy,15,23,-0.13761064781625576,9.869333333333334,11.987394450490987,{}
GPR1mm,Dummy,15,24,-0.0007322281065895719,13.670250000000001,16.74072003628677,{}
GPR1mm,Ridge,15,0,0.5449751148512092,8.58878325352125,9.81289483000053,"{""model__alpha"": 1.0}"
GPR1mm,Ridge,15,1,0.3907773295212653,7.392889697677408,9.291752173564507,"{""model__alpha"": 10.0}"
GPR1mm,Ridge,15,2,0.7598499095619182,5.261457068449114,6.177662585605631,"{""model__alpha"": 10.0}"
GPR1mm,Ridge,15,3,0.00935130226287384,9.23824874231503,12.878108838902147,"{""model__alpha"": 10.0}"
GPR1mm,Ridge,15,4,0.3712336147311609,10.651884796522102,13.780611865906828,"{""model__alpha"": 10.0}"
GPR1mm,Ridge,15,5,0.41694010482848676,9.503169614089858,10.480172916746787,"{""model__alpha"": 10.0}"
GPR1mm,Ridge,15,6,0.1701289796883938,9.831684398776947,13.917228192189128,"{""model__alpha"": 1.0}"
GPR1mm,Ridge,15,7,0.5823751534321562,7.321906009842815,8.819984285233874,"{""model__alpha"": 10.0}"
GPR1mm,Ridge,15,8,0.6196224355986404,6.538877872591753,8.33976052065498,"{""model__alpha"": 1.0}"
GPR1mm,Ridge,15,9,0.44416922073307386,8.310544468391761,10.26087627870155,"{""model__alpha"": 10.0}"
GPR1mm,Ridge,15,10,0.586382558807065,6.7333196136148175,8.145166334000693,"{""model__alpha"": 10.0}"
GPR1mm,Ridge,15,11,0.3611617258505717,8.655521495623255,11.20301463931278,"{""model__alpha"": 1.0}"
GPR1mm,Ridge,15,12,0.4452783649536274,7.777020435929224,10.809733041927542,"{""model__alpha"": 1.0}"
GPR1mm,Ridge,15,13,0.3943348624522016,9.498169795197668,11.996707841441955,"{""model__alpha"": 10.0}"
GPR1mm,Ridge,15,14,0.2815548993020448,9.757154908572971,11.531461156253226,"{""model__alpha"": 1.0}"
GPR1mm,Ridge,15,15,0.35742237359445095,9.343151755059381,12.609486949435354,"{""model__alpha"": 1.0}"
GPR1mm,Ridge,15,16,0.372137080120848,6.8861090843352155,9.074791827334103,"{""model__alpha"": 10.0}"
GPR1mm,Ridge,15,17,0.5711144139643283,8.31788379521716,9.297754426320527,"{""model__alpha"": 10.0}"
GPR1mm,Ridge,15,18,0.6190559467703198,6.324390278386279,7.570552854151049,"{""model__alpha"": 10.0}"
GPR1mm,Ridge,15,19,0.3478137387068265,10.788643883489515,13.190508941522742,"{""model__alpha"": 10.0}"
GPR1mm,Ridge,15,20,0.7571427812290925,5.925811437889756,6.908056832620033,"{""model__alpha"": 1.0}"
GPR1mm,Ridge,15,21,0.34205339920069255,8.224007564811938,11.42832310570213,"{""model__alpha"": 10.0}"
GPR1mm,Ridge,15,22,0.4632573275301154,8.282402676893808,10.040800413329363,"{""model__alpha"": 10.0}"
GPR1mm,Ridge,15,23,-0.20194955556517447,9.425297149045228,12.321713106881019,"{""model__alpha"": 1.0}"
GPR1mm,Ridge,15,24,0.4029413250436723,9.922361042547397,12.930749450837505,"{""model__alpha"": 10.0}"
GPR1mm,SVR,15,0,0.520200489350708,7.806587905643153,10.076494456219573,"{""model__C"": 10, ""model__epsilon"": 0.5, ""model__gamma"": ""scale""}"
GPR1mm,SVR,15,1,0.5174260044813308,6.857250008427634,8.269734135752326,"{""model__C"": 10, ""model__epsilon"": 0.5, ""model__gamma"": 0.1}"
GPR1mm,SVR,15,2,0.6909937700133935,5.8674163103318575,7.007553539999984,"{""model__C"": 10, ""model__epsilon"": 0.1, ""model__gamma"": 0.1}"
GPR1mm,SVR,15,3,0.23035270776600214,8.873267599203393,11.351104649753005,"{""model__C"": 10, ""model__epsilon"": 0.1, ""model__gamma"": 0.03}"
GPR1mm,SVR,15,4,0.4791757673799609,9.60540731985654,12.542076181312355,"{""model__C"": 10, ""model__epsilon"": 0.1, ""model__gamma"": 0.1}"
GPR1mm,SVR,15,5,0.4453373489635577,8.929691796756508,10.221775179562504,"{""model__C"": 10, ""model__epsilon"": 0.5, ""model__gamma"": 0.1}"
GPR1mm,SVR,15,6,0.32801675130708075,9.30461511468979,12.523527454297033,"{""model__C"": 10, ""model__epsilon"": 0.1, ""model__gamma"": 0.1}"
GPR1mm,SVR,15,7,0.6518037447485725,6.392792282429834,8.053537677979646,"{""model__C"": 100, ""model__epsilon"": 0.5, ""model__gamma"": 0.1}"
GPR1mm,SVR,15,8,0.4959615407180271,6.429403944354679,9.600148941137267,"{""model__C"": 10, ""model__epsilon"": 0.1, ""model__gamma"": ""scale""}"
GPR1mm,SVR,15,9,0.5226221682757672,7.611084152031434,9.509206504168427,"{""model__C"": 10, ""model__epsilon"": 0.1, ""model__gamma"": ""scale""}"
GPR1mm,SVR,15,10,0.5818482914495452,6.556172692439992,8.189690200429768,"{""model__C"": 100, ""model__epsilon"": 0.5, ""model__gamma"": 0.03}"
GPR1mm,SVR,15,11,0.3736587684990508,8.176148104236908,11.092895979692445,"{""model__C"": 10, ""model__epsilon"": 0.1, ""model__gamma"": ""scale""}"
GPR1mm,SVR,15,12,0.507842791253365,7.64090459510935,10.181912062323821,"{""model__C"": 100, ""model__epsilon"": 0.1, ""model__gamma"": 0.03}"
GPR1mm,SVR,15,13,0.6557649925190433,7.3121619548396675,9.044265683796564,"{""model__C"": 10, ""model__epsilon"": 0.5, ""model__gamma"": ""scale""}"
GPR1mm,SVR,15,14,0.36649426909599625,8.81834393577516,10.828363359662854,"{""model__C"": 10, ""model__epsilon"": 0.5, ""model__gamma"": ""scale""}"
GPR1mm,SVR,15,15,0.509288840668082,8.101889169704323,11.019137027553683,"{""model__C"": 10, ""model__epsilon"": 0.1, ""model__gamma"": 0.1}"
GPR1mm,SVR,15,16,0.3094663109726765,7.224737772195844,9.516925929997198,"{""model__C"": 10, ""model__epsilon"": 0.1, ""model__gamma"": 0.03}"
GPR1mm,SVR,15,17,0.6220839649185277,7.814917593954525,8.727804421960311,"{""model__C"": 10, ""model__epsilon"": 0.1, ""model__gamma"": ""scale""}"
GPR1mm,SVR,15,18,0.5610970180348465,6.945119408803269,8.126083159315938,"{""model__C"": 10, ""model__epsilon"": 0.5, ""model__gamma"": 0.1}"
GPR1mm,SVR,15,19,0.35554123629960077,10.525693697225373,13.112131516832019,"{""model__C"": 10, ""model__epsilon"": 0.5, ""model__gamma"": 0.1}"
GPR1mm,SVR,15,20,0.7089399933777245,6.1591465720217755,7.562609235791033,"{""model__C"": 10, ""model__epsilon"": 0.5, ""model__gamma"": ""scale""}"
GPR1mm,SVR,15,21,0.3067298780511982,8.189307651391065,11.731091669845982,"{""model__C"": 100, ""model__epsilon"": 0.5, ""model__gamma"": 0.03}"
GPR1mm,SVR,15,22,0.5510311986627437,7.715189726281672,9.183185431199833,"{""model__C"": 10, ""model__epsilon"": 0.1, ""model__gamma"": ""scale""}"
GPR1mm,SVR,15,23,-0.02651209456519088,8.923735327939696,11.387018006158684,"{""model__C"": 100, ""model__epsilon"": 0.5, ""model__gamma"": 0.03}"
GPR1mm,SVR,15,24,0.5020508588579166,8.596738795077082,11.808852124631743,"{""model__C"": 10, ""model__epsilon"": 0.1, ""model__gamma"": 0.1}"
GPR1mm,RandomForest,15,0,0.6877342290101603,6.6385542304917315,8.129086798622753,"{""max_depth"": 10, ""max_features"": 1.0, ""min_samples_leaf"": 1}"
GPR1mm,RandomForest,15,1,0.5758484066870885,6.482887809523803,7.753006379236736,"{""max_depth"": null, ""max_features"": 1.0, ""min_samples_leaf"": 1}"
GPR1mm,RandomForest,15,2,0.7081184143608236,5.835949999999948,6.810612251375667,"{""max_depth"": null, ""max_features"": ""sqrt"", ""min_samples_leaf"": 1}"
GPR1mm,RandomForest,15,3,0.37939948187072514,7.4767631265072065,10.192913099827923,"{""max_depth"": 5, ""max_features"": 1.0, ""min_samples_leaf"": 1}"
GPR1mm,RandomForest,15,4,0.5093396683491073,8.937760836920592,12.173467961156332,"{""max_depth"": 10, ""max_features"": ""sqrt"", ""min_samples_leaf"": 1}"
GPR1mm,RandomForest,15,5,0.5885958787472116,7.779492380952361,8.803313786399883,"{""max_depth"": null, ""max_features"": ""sqrt"", ""min_samples_leaf"": 1}"
GPR1mm,RandomForest,15,6,0.23388095648829133,9.675532734127005,13.371975664601457,"{""max_depth"": null, ""max_features"": ""sqrt"", ""min_samples_leaf"": 1}"
GPR1mm,RandomForest,15,7,0.752382540610163,5.905502196738659,6.791493329299076,"{""max_depth"": 5, ""max_features"": ""sqrt"", ""min_samples_leaf"": 1}"
GPR1mm,RandomForest,15,8,0.6870411630505198,5.972367833333306,7.564665743770421,"{""max_depth"": null, ""max_features"": 1.0, ""min_samples_leaf"": 1}"
GPR1mm,RandomForest,15,9,0.5726966493945456,6.71208437500001,8.996659918726314,"{""max_depth"": null, ""max_features"": 1.0, ""min_samples_leaf"": 1}"
GPR1mm,RandomForest,15,10,0.6359535477044309,6.189902447758125,7.641505628325042,"{""max_depth"": 10, ""max_features"": ""sqrt"", ""min_samples_leaf"": 1}"
GPR1mm,RandomForest,15,11,0.5723887673809676,6.727689903035983,9.165665254569243,"{""max_depth"": 10, ""max_features"": ""sqrt"", ""min_samples_leaf"": 1}"
GPR1mm,RandomForest,15,12,0.4745924881052971,7.6139185833333025,10.520237766802655,"{""max_depth"": null, ""max_features"": ""sqrt"", ""min_samples_leaf"": 1}"
GPR1mm,RandomForest,15,13,0.6635006367312508,6.971654761904733,8.94206696423847,"{""max_depth"": null, ""max_features"": ""sqrt"", ""min_samples_leaf"": 1}"
GPR1mm,RandomForest,15,14,0.5230376498537049,7.717670369902791,9.395709831273043,"{""max_depth"": 10, ""max_features"": ""sqrt"", ""min_samples_leaf"": 1}"
GPR1mm,RandomForest,15,15,0.5395815509849038,7.440215683392608,10.67360127715154,"{""max_depth"": 10, ""max_features"": 1.0, ""min_samples_leaf"": 1}"
GPR1mm,RandomForest,15,16,0.5505779429840398,5.252403406908209,7.677705422787696,"{""max_depth"": 10, ""max_features"": ""sqrt"", ""min_samples_leaf"": 1}"
GPR1mm,RandomForest,15,17,0.6323332097443148,7.525912095764827,8.608640022937951,"{""max_depth"": 10, ""max_features"": 1.0, ""min_samples_leaf"": 1}"
GPR1mm,RandomForest,15,18,0.7010529326108974,5.715617175033235,6.706472458130319,"{""max_depth"": 10, ""max_features"": ""sqrt"", ""min_samples_leaf"": 1}"
GPR1mm,RandomForest,15,19,0.40834032660937203,10.472309866898152,12.563530963368326,"{""max_depth"": null, ""max_features"": ""sqrt"", ""min_samples_leaf"": 1}"
GPR1mm,RandomForest,15,20,0.7419574139671699,5.181138590195649,7.120755698757142,"{""max_depth"": 10, ""max_features"": 1.0, ""min_samples_leaf"": 1}"
GPR1mm,RandomForest,15,21,0.6152135096973979,6.387364330427736,8.739711455893099,"{""max_depth"": 10, ""max_features"": ""sqrt"", ""min_samples_leaf"": 1}"
GPR1mm,RandomForest,15,22,0.6429820491767646,6.36450489355967,8.188989208595741,"{""max_depth"": 10, ""max_features"": 1.0, ""min_samples_leaf"": 1}"
GPR1mm,RandomForest,15,23,0.13804618568618432,8.598350476004303,10.434459794037192,"{""max_depth"": 10, ""max_features"": ""sqrt"", ""min_samples_leaf"": 1}"
GPR1mm,RandomForest,15,24,0.5300388334099262,8.272022974323631,11.472185929772937,"{""max_depth"": 10, ""max_features"": ""sqrt"", ""min_samples_leaf"": 1}"
GPR1mm,XGBoost,15,0,0.7299303442201779,5.8420382995605475,7.559924623870161,"{""learning_rate"": 0.03, ""max_depth"": 3, ""subsample"": 1.0}"
GPR1mm,XGBoost,15,1,0.5016980647232816,6.985242675781251,8.403416263440793,"{""learning_rate"": 0.03, ""max_depth"": 2, ""subsample"": 1.0}"
GPR1mm,XGBoost,15,2,0.7795209729001459,4.862722045898437,5.919246810028828,"{""learning_rate"": 0.03, ""max_depth"": 2, ""subsample"": 0.7}"
GPR1mm,XGBoost,15,3,0.43317135513745575,6.755888000488281,9.741327611307012,"{""learning_rate"": 0.1, ""max_depth"": 3, ""subsample"": 0.7}"
GPR1mm,XGBoost,15,4,0.4856640568742202,8.671323490142823,12.463708423888429,"{""learning_rate"": 0.03, ""max_depth"": 2, ""subsample"": 0.7}"
GPR1mm,XGBoost,15,5,0.5933580568169055,7.409290283203127,8.75221442696099,"{""learning_rate"": 0.1, ""max_depth"": 5, ""subsample"": 0.7}"
GPR1mm,XGBoost,15,6,0.26109914819368374,9.984308258056641,13.13229204399858,"{""learning_rate"": 0.03, ""max_depth"": 2, ""subsample"": 0.7}"
GPR1mm,XGBoost,15,7,0.8316879066499006,4.261407806396484,5.599281572685055,"{""learning_rate"": 0.1, ""max_depth"": 3, ""subsample"": 0.7}"
GPR1mm,XGBoost,15,8,0.6081283085088058,6.333701721191407,8.464826851325626,"{""learning_rate"": 0.03, ""max_depth"": 3, ""subsample"": 1.0}"
GPR1mm,XGBoost,15,9,0.5411855454802061,6.384327634175619,9.322485160164323,"{""learning_rate"": 0.03, ""max_depth"": 5, ""subsample"": 0.7}"
GPR1mm,XGBoost,15,10,0.5706269969047264,6.8927410583496105,8.298849774451284,"{""learning_rate"": 0.1, ""max_depth"": 3, ""subsample"": 0.7}"
GPR1mm,XGBoost,15,11,0.49478557997178396,6.9367116394042965,9.962705864295094,"{""learning_rate"": 0.03, ""max_depth"": 3, ""subsample"": 0.7}"
GPR1mm,XGBoost,15,12,0.40536720049596486,7.348283142089844,11.191849126772654,"{""learning_rate"": 0.03, ""max_depth"": 3, ""subsample"": 0.7}"
GPR1mm,XGBoost,15,13,0.5881251837757548,7.0124930725097645,9.893009213092881,"{""learning_rate"": 0.03, ""max_depth"": 2, ""subsample"": 0.7}"
GPR1mm,XGBoost,15,14,0.6538491605429506,6.377040672302247,8.00424256437863,"{""learning_rate"": 0.03, ""max_depth"": 3, ""subsample"": 0.7}"
GPR1mm,XGBoost,15,15,0.4951494837214895,7.714495788574218,11.176762406231799,"{""learning_rate"": 0.03, ""max_depth"": 2, ""subsample"": 1.0}"
GPR1mm,XGBoost,15,16,0.18409069072808815,6.598763854980469,10.344873818160522,"{""learning_rate"": 0.1, ""max_depth"": 5, ""subsample"": 0.7}"
GPR1mm,XGBoost,15,17,0.6213889237401984,7.452296356201171,8.735826570170202,"{""learning_rate"": 0.03, ""max_depth"": 3, ""subsample"": 1.0}"
GPR1mm,XGBoost,15,18,0.6289102563092488,6.14026025390625,7.4719932747743805,"{""learning_rate"": 0.03, ""max_depth"": 2, ""subsample"": 0.7}"
GPR1mm,XGBoost,15,19,0.3564046818683413,10.027290789286297,13.103344758696343,"{""learning_rate"": 0.1, ""max_depth"": 2, ""subsample"": 1.0}"
GPR1mm,XGBoost,15,20,0.6119078620604314,6.306653167724611,8.732685419240457,"{""learning_rate"": 0.03, ""max_depth"": 3, ""subsample"": 1.0}"
GPR1mm,XGBoost,15,21,0.6528342743045225,6.253837890624998,8.301481566117598,"{""learning_rate"": 0.03, ""max_depth"": 2, ""subsample"": 1.0}"
GPR1mm,XGBoost,15,22,0.5965952387295619,6.6873209838867185,8.704739567346607,"{""learning_rate"": 0.03, ""max_depth"": 3, ""subsample"": 0.7}"
GPR1mm,XGBoost,15,23,0.18236529355905995,7.725556427001953,10.162665495034286,"{""learning_rate"": 0.03, ""max_depth"": 3, ""subsample"": 0.7}"
GPR1mm,XGBoost,15,24,0.4738006992449427,7.7709389050801585,12.139207183477021,"{""learning_rate"": 0.03, ""max_depth"": 3, ""subsample"": 0.7}"
GPR1mm,MLP,15,0,-0.2806466368091105,11.539331638918352,16.462440814386,"{""model__alpha"": 1.0, ""model__hidden_layer_sizes"": [32, 16]}"
GPR1mm,MLP,15,1,0.19619299044462024,8.192964742434427,10.672974811720636,"{""model__alpha"": 1.0, ""model__hidden_layer_sizes"": [32, 16]}"
GPR1mm,MLP,15,2,0.5335540570976893,7.290832781365325,8.60960975643203,"{""model__alpha"": 1.0, ""model__hidden_layer_sizes"": [32, 16]}"
GPR1mm,MLP,15,3,-0.2505423764583443,10.689028964588543,14.469098102291767,"{""model__alpha"": 1.0, ""model__hidden_layer_sizes"": [32, 16]}"
GPR1mm,MLP,15,4,0.437000877245456,10.410422601817492,13.04000332491076,"{""model__alpha"": 1.0, ""model__hidden_layer_sizes"": [32, 16]}"
GPR1mm,MLP,15,5,0.5088028232641444,7.9618932237486515,9.619218596489642,"{""model__alpha"": 1.0, ""model__hidden_layer_sizes"": [32, 16]}"
GPR1mm,MLP,15,6,-0.03497027231373018,11.881149154621985,15.542160392080413,"{""model__alpha"": 1.0, ""model__hidden_layer_sizes"": [32, 16]}"
GPR1mm,MLP,15,7,0.5491041383410784,7.074422507579551,9.164584322394814,"{""model__alpha"": 1.0, ""model__hidden_layer_sizes"": [32, 16]}"
GPR1mm,MLP,15,8,-0.6426445996043937,12.527939211430867,17.330773179330407,"{""model__alpha"": 1.0, ""model__hidden_layer_sizes"": [32, 16]}"
GPR1mm,MLP,15,9,-0.30375636924716365,11.017261929374385,15.714891125257852,"{""model__alpha"": 1.0, ""model__hidden_layer_sizes"": [32, 16]}"
GPR1mm,MLP,15,10,0.29459532268386146,8.672118451739863,10.637013324680053,"{""model__alpha"": 1.0, ""model__hidden_layer_sizes"": [32, 16]}"
GPR1mm,MLP,15,11,0.19622760231452252,8.475150713557634,12.566258334815084,"{""model__alpha"": 1.0, ""model__hidden_layer_sizes"": [32, 16]}"
GPR1mm,MLP,15,12,-0.04284322750347336,10.344201107273141,14.821321536549533,"{""model__alpha"": 1.0, ""model__hidden_layer_sizes"": [32, 16]}"
GPR1mm,MLP,15,13,0.24412495859858674,10.478457662031987,13.402036523379518,"{""model__alpha"": 1.0, ""model__hidden_layer_sizes"": [32, 16]}"
GPR1mm,MLP,15,14,-2.0288804071040136,13.786118762019653,23.677105517738628,"{""model__alpha"": 1.0, ""model__hidden_layer_sizes"": [32]}"
GPR1mm,MLP,15,15,0.3421579229079418,8.615248794392198,12.758377284917596,"{""model__alpha"": 1.0, ""model__hidden_layer_sizes"": [32, 16]}"
GPR1mm,MLP,15,16,-0.15155173261812016,9.149153110222963,12.289832959691006,"{""model__alpha"": 1.0, ""model__hidden_layer_sizes"": [32, 16]}"
GPR1mm,MLP,15,17,0.34242646976468516,9.24877095839697,11.512761489198637,"{""model__alpha"": 1.0, ""model__hidden_layer_sizes"": [32, 16]}"
GPR1mm,MLP,15,18,0.2646023241286837,8.077646370248672,10.518604433240622,"{""model__alpha"": 1.0, ""model__hidden_layer_sizes"": [32, 16]}"
GPR1mm,MLP,15,19,-0.2877671400917985,15.024283145217398,18.535077199227203,"{""model__alpha"": 1.0, ""model__hidden_layer_sizes"": [32, 16]}"
GPR1mm,MLP,15,20,-0.05692077186450395,10.610680190946189,14.41124859735469,"{""model__alpha"": 1.0, ""model__hidden_layer_sizes"": [32, 16]}"
GPR1mm,MLP,15,21,-1.4609669317109715,13.822490188984766,22.102432640573912,"{""model__alpha"": 0.01, ""model__hidden_layer_sizes"": [32, 16]}"
GPR1mm,MLP,15,22,-0.27774058269741664,12.006465689421558,15.491968908737958,"{""model__alpha"": 0.01, ""model__hidden_layer_sizes"": [32, 16]}"
GPR1mm,MLP,15,23,-0.7790933567753913,11.20457704827137,14.990887364419665,"{""model__alpha"": 1.0, ""model__hidden_layer_sizes"": [32, 16]}"
GPR1mm,MLP,15,24,0.07816696158697312,12.93199931053429,16.067241630931168,"{""model__alpha"": 1.0, ""model__hidden_layer_sizes"": [32]}"
GPR1mm,Dummy,31,0,-0.01634026801493338,12.903111111111114,14.665576390452491,{}
GPR1mm,Dummy,31,1,-0.0005991586722480235,9.632727272727273,11.908022775755661,{}
GPR1mm,Dummy,31,2,-0.09638485054912782,11.490666666666662,13.199707874442343,{}
GPR1mm,Dummy,31,3,-0.18468354024427103,12.659313131313134,14.082943339108546,{}
GPR1mm,Dummy,31,4,-0.0008952802441275498,14.511666666666665,17.386740158331392,{}
GPR1mm,Dummy,31,5,-0.1414098594727271,12.949333333333332,14.663332177924188,{}
GPR1mm,Dummy,31,6,-0.007830807883739022,11.62561616161616,15.337029878743781,{}
GPR1mm,Dummy,31,7,-0.011899484321094667,12.344161616161616,13.729140013179245,{}
GPR1mm,Dummy,31,8,-0.04792240215283261,12.063353535353535,13.842377714605126,{}
GPR1mm,Dummy,31,9,-0.03068796645905225,11.807166666666669,13.972584919524854,{}
GPR1mm,Dummy,31,10,-0.0871279150912927,11.695111111111105,13.205074616718324,{}
GPR1mm,Dummy,31,11,-0.0513300399419554,13.01438383838384,14.371727582256847,{}
GPR1mm,Dummy,31,12,-0.01728304659733504,10.735515151515148,14.638558746797813,{}
GPR1mm,Dummy,31,13,-0.006823704134032882,13.78448484848485,15.467584965825568,{}
GPR1mm,Dummy,31,14,-2.971956359409944e-05,11.4375,13.604857588376294,{}
GPR1mm,Dummy,31,15,-0.03493503943186327,12.297454545454547,16.002622558254792,{}
GPR1mm,Dummy,31,16,-0.050986513953725554,10.35272727272727,11.740938824696116,{}
GPR1mm,Dummy,31,17,-0.001368742038709847,11.944969696969697,14.207064799432857,{}
GPR1mm,Dummy,31,18,-0.03594486095402627,11.145858585858583,12.48433221122085,{}
GPR1mm,Dummy,31,19,-0.008336773274580267,15.108333333333334,16.401309825742576,{}
GPR1mm,Dummy,31,20,-0.09554377960584404,12.915151515151514,14.67220079802361,{}
GPR1mm,Dummy,31,21,-0.002591610904455477,12.4790303030303,14.107472742663056,{}
GPR1mm,Dummy,31,22,-6.970525925820148e-05,11.938909090909092,13.705674332452759,{}
GPR1mm,Dummy,31,23,-0.13761064781625576,9.869333333333334,11.987394450490987,{}
GPR1mm,Dummy,31,24,-0.0007322281065895719,13.670250000000001,16.74072003628677,{}
GPR1mm,Ridge,31,0,0.5425901773785925,8.776956169365375,9.83857755147421,"{""model__alpha"": 10.0}"
GPR1mm,Ridge,31,1,0.38739407833656103,7.251500565133374,9.317516815365797,"{""model__alpha"": 1.0}"
GPR1mm,Ridge,31,2,0.6330581854313093,6.006606256242162,7.636272345511423,"{""model__alpha"": 1.0}"
GPR1mm,Ridge,31,3,-0.0706115124743496,9.235455388752225,13.387768971607848,"{""model__alpha"": 1.0}"
GPR1mm,Ridge,31,4,-0.1319300905242602,12.22278519652093,18.48986097002602,"{""model__alpha"": 0.01}"
GPR1mm,Ridge,31,5,0.36678639679584335,8.795674948140148,10.92161797291517,"{""model__alpha"": 0.1}"
GPR1mm,Ridge,31,6,0.20058746313142561,9.918878467932865,13.65944098362035,"{""model__alpha"": 1.0}"
GPR1mm,Ridge,31,7,0.5555711171493467,8.17649223663129,9.098625388816416,"{""model__alpha"": 10.0}"
GPR1mm,Ridge,31,8,0.4119810571887641,7.445241196469903,10.369117402340253,"{""model__alpha"": 1.0}"
GPR1mm,Ridge,31,9,0.34846451241355625,9.187732245469727,11.109184839365312,"{""model__alpha"": 100.0}"
GPR1mm,Ridge,31,10,-0.19439855692524222,9.121501393700562,13.841245469326944,"{""model__alpha"": 0.01}"
GPR1mm,Ridge,31,11,0.19110366698486558,8.652970810304835,12.606248762335737,"{""model__alpha"": 0.1}"
GPR1mm,Ridge,31,12,0.597887436108471,7.019835759493815,9.203462304467006,"{""model__alpha"": 1.0}"
GPR1mm,Ridge,31,13,0.3546053255273004,9.253567163532775,12.383929848184364,"{""model__alpha"": 1.0}"
GPR1mm,Ridge,31,14,-0.11312351682343169,10.52554705595534,14.353546669449514,"{""model__alpha"": 0.1}"
GPR1mm,Ridge,31,15,0.4469404175304973,8.89215041907695,11.698241351219169,"{""model__alpha"": 10.0}"
GPR1mm,Ridge,31,16,0.3744565641655181,6.521152034207407,9.058014032290803,"{""model__alpha"": 0.1}"
GPR1mm,Ridge,31,17,0.5540396825865892,8.604720242195079,9.481028540584122,"{""model__alpha"": 10.0}"
GPR1mm,Ridge,31,18,0.5402352079113266,6.988148900252895,8.316964582284283,"{""model__alpha"": 1.0}"
GPR1mm,Ridge,31,19,0.3675826669217077,9.989839246598136,12.989056679863292,"{""model__alpha"": 0.1}"
GPR1mm,Ridge,31,20,0.700302338584429,6.162638733081536,7.674004867735658,"{""model__alpha"": 1.0}"
GPR1mm,Ridge,31,21,0.2896375956784836,8.570473622851539,11.874823708755207,"{""model__alpha"": 1.0}"
GPR1mm,Ridge,31,22,0.4573041242730118,8.537328499709956,10.096329902050346,"{""model__alpha"": 10.0}"
GPR1mm,Ridge,31,23,-0.8537488715947479,12.001242656100663,15.302184073692114,"{""model__alpha"": 0.1}"
GPR1mm,Ridge,31,24,0.654631107103198,7.430191036992578,9.834602240564623,"{""model__alpha"": 1.0}"
GPR1mm,SVR,31,0,0.5379421836206644,6.855330749124851,9.888438814021635,"{""model__C"": 100, ""model__epsilon"": 0.1, ""model__gamma"": 0.03}"
GPR1mm,SVR,31,1,0.4463722107921142,6.848928341231966,8.85765030488631,"{""model__C"": 100, ""model__epsilon"": 0.1, ""model__gamma"": 0.03}"
GPR1mm,SVR,31,2,0.5887271990501326,6.39351315153671,8.08440014713322,"{""model__C"": 100, ""model__epsilon"": 0.1, ""model__gamma"": 0.1}"
GPR1mm,SVR,31,3,0.4607863729583639,6.847302371568372,9.501073642457087,"{""model__C"": 100, ""model__epsilon"": 0.1, ""model__gamma"": 0.1}"
GPR1mm,SVR,31,4,0.558195139893011,9.099802986348083,11.551518755413955,"{""model__C"": 100, ""model__epsilon"": 0.1, ""model__gamma"": 0.03}"
GPR1mm,SVR,31,5,0.6128304258215769,7.05156529147918,8.540090512973226,"{""model__C"": 100, ""model__epsilon"": 0.5, ""model__gamma"": 0.03}"
GPR1mm,SVR,31,6,0.35184524778179627,9.633829831734529,12.299481496084363,"{""model__C"": 100, ""model__epsilon"": 0.5, ""model__gamma"": 0.03}"
GPR1mm,SVR,31,7,0.7699604696560024,5.357255992450826,6.545998220694187,"{""model__C"": 100, ""model__epsilon"": 0.5, ""model__gamma"": 0.03}"
GPR1mm,SVR,31,8,0.4653924674537965,6.6657351585345115,9.886980328286102,"{""model__C"": 100, ""model__epsilon"": 0.1, ""model__gamma"": 0.03}"
GPR1mm,SVR,31,9,0.6242349175059252,5.955844963343559,8.436675898149687,"{""model__C"": 100, ""model__epsilon"": 0.5, ""model__gamma"": 0.03}"
GPR1mm,SVR,31,10,0.49154294613850025,7.360998919381791,9.030830147644627,"{""model__C"": 100, ""model__epsilon"": 0.1, ""model__gamma"": 0.03}"
GPR1mm,SVR,31,11,0.40438299850666415,7.537666568928059,10.817402327556833,"{""model__C"": 100, ""model__epsilon"": 0.5, ""model__gamma"": 0.03}"
GPR1mm,SVR,31,12,0.5727268970702413,6.899491934707083,9.487028250292852,"{""model__C"": 100, ""model__epsilon"": 0.5, ""model__gamma"": 0.03}"
GPR1mm,SVR,31,13,0.6728850569928253,7.04705807565987,8.816495420860647,"{""model__C"": 10, ""model__epsilon"": 0.1, ""model__gamma"": 0.03}"
GPR1mm,SVR,31,14,0.409651802899182,8.094897038824216,10.453017254600038,"{""model__C"": 100, ""model__epsilon"": 0.5, ""model__gamma"": ""scale""}"
GPR1mm,SVR,31,15,0.6600782696006172,6.688594202312914,9.17115600347518,"{""model__C"": 100, ""model__epsilon"": 0.1, ""model__gamma"": 0.03}"
GPR1mm,SVR,31,16,0.301721486964053,7.148621920797975,9.570146648768073,"{""model__C"": 100, ""model__epsilon"": 0.5, ""model__gamma"": 0.03}"
GPR1mm,SVR,31,17,0.5871205893175346,7.88859227132843,9.12260685540756,"{""model__C"": 100, ""model__epsilon"": 0.1, ""model__gamma"": 0.03}"
GPR1mm,SVR,31,18,0.5365436705536659,6.7950377430620685,8.35028705865556,"{""model__C"": 100, ""model__epsilon"": 0.1, ""model__gamma"": 0.1}"
GPR1mm,SVR,31,19,0.31852511656031424,10.478616113451723,13.483438441648497,"{""model__C"": 100, ""model__epsilon"": 0.5, ""model__gamma"": ""scale""}"
GPR1mm,SVR,31,20,0.7110814076324156,6.237134437434629,7.534737703819321,"{""model__C"": 10, ""model__epsilon"": 0.5, ""model__gamma"": ""scale""}"
GPR1mm,SVR,31,21,0.37908494090341904,8.281168936077988,11.10205266374132,"{""model__C"": 100, ""model__epsilon"": 0.1, ""model__gamma"": 0.03}"
GPR1mm,SVR,31,22,0.6438779827356704,7.419592886864534,8.178707654241757,"{""model__C"": 10, ""model__epsilon"": 0.5, ""model__gamma"": ""scale""}"
GPR1mm,SVR,31,23,0.03344837382727395,8.495327706674578,11.049445902817446,"{""model__C"": 100, ""model__epsilon"": 0.1, ""model__gamma"": 0.03}"
GPR1mm,SVR,31,24,0.5755695772700615,8.480981152368262,10.902307909285069,"{""model__C"": 100, ""model__epsilon"": 0.5, ""model__gamma"": ""scale""}"
GPR1mm,RandomForest,31,0,0.6951981698355294,6.7992956904761765,8.031346349446784,"{""max_depth"": null, ""max_features"": 1.0, ""min_samples_leaf"": 1}"
GPR1mm,RandomForest,31,1,0.5093427391297409,6.8446793132268136,8.338706823278217,"{""max_depth"": 10, ""max_features"": ""sqrt"", ""min_samples_leaf"": 1}"
GPR1mm,RandomForest,31,2,0.7176980847117125,5.341321999999947,6.697916347323535,"{""max_depth"": null, ""max_features"": ""sqrt"", ""min_samples_leaf"": 1}"
GPR1mm,RandomForest,31,3,0.3182310732732644,7.55609777433677,10.683433630908882,"{""max_depth"": null, ""max_features"": 1.0, ""min_samples_leaf"": 3}"
GPR1mm,RandomForest,31,4,0.5524790804446886,8.715475074404702,11.62600522385447,"{""max_depth"": null, ""max_features"": ""sqrt"", ""min_samples_leaf"": 1}"
GPR1mm,RandomForest,31,5,0.5951732758647839,7.639513476190465,8.73265796446398,"{""max_depth"": null, ""max_features"": ""sqrt"", ""min_samples_leaf"": 1}"
GPR1mm,RandomForest,31,6,0.23186470195457975,9.627666163983065,13.389560132089752,"{""max_depth"": 10, ""max_features"": ""sqrt"", ""min_samples_leaf"": 1}"
GPR1mm,RandomForest,31,7,0.7868670696205473,5.300083238616508,6.300861375516697,"{""max_depth"": 10, ""max_features"": ""sqrt"", ""min_samples_leaf"": 1}"
GPR1mm,RandomForest,31,8,0.721420574671015,5.599453142857119,7.137081438177495,"{""max_depth"": null, ""max_features"": 1.0, ""min_samples_leaf"": 1}"
GPR1mm,RandomForest,31,9,0.5698729325971426,6.628965017361113,9.026336949020624,"{""max_depth"": null, ""max_features"": 1.0, ""min_samples_leaf"": 1}"
GPR1mm,RandomForest,31,10,0.6998966500281686,5.536203500000043,6.938026550093924,"{""max_depth"": null, ""max_features"": 1.0, ""min_samples_leaf"": 1}"
GPR1mm,RandomForest,31,11,0.5639321895082177,6.664555891004005,9.255853119977719,"{""max_depth"": 10, ""max_features"": ""sqrt"", ""min_samples_leaf"": 1}"
GPR1mm,RandomForest,31,12,0.49323499936109894,7.559707892857109,10.331912583270459,"{""max_depth"": null, ""max_features"": ""sqrt"", ""min_samples_leaf"": 1}"
GPR1mm,RandomForest,31,13,0.7006171058384141,6.31378795238094,8.434498894884637,"{""max_depth"": null, ""max_features"": 1.0, ""min_samples_leaf"": 1}"
GPR1mm,RandomForest,31,14,0.4751200747007551,8.408612425595257,9.856382026960377,"{""max_depth"": null, ""max_features"": 1.0, ""min_samples_leaf"": 1}"
GPR1mm,RandomForest,31,15,0.4938200591804355,7.5235156981106615,11.191468633887858,"{""max_depth"": 10, ""max_features"": 1.0, ""min_samples_leaf"": 1}"
GPR1mm,RandomForest,31,16,0.25964662335808963,6.766133286284182,9.854254725649854,"{""max_depth"": 5, ""max_features"": 1.0, ""min_samples_leaf"": 3}"
GPR1mm,RandomForest,31,17,0.6385932919088078,7.538883646094327,8.53503783442461,"{""max_depth"": 10, ""max_features"": 1.0, ""min_samples_leaf"": 1}"
GPR1mm,RandomForest,31,18,0.69728970648461,5.701350672060595,6.748551885450209,"{""max_depth"": 10, ""max_features"": ""sqrt"", ""min_samples_leaf"": 1}"
GPR1mm,RandomForest,31,19,0.42433285000668786,10.187574999999983,12.392572075442981,"{""max_depth"": null, ""max_features"": ""sqrt"", ""min_samples_leaf"": 1}"
GPR1mm,RandomForest,31,20,0.6330773500638456,6.133801833333328,8.491172308599939,"{""max_depth"": null, ""max_features"": 1.0, ""min_samples_leaf"": 1}"
GPR1mm,RandomForest,31,21,0.5849954371108519,6.663051629242834,9.07639990317782,"{""max_depth"": 10, ""max_features"": 1.0, ""min_samples_leaf"": 1}"
GPR1mm,RandomForest,31,22,0.6490541055917096,6.572772500000008,8.119052606800258,"{""max_depth"": null, ""max_features"": ""sqrt"", ""min_samples_leaf"": 1}"
GPR1mm,RandomForest,31,23,0.13566361230582213,8.544482761904758,10.448871070845923,"{""max_depth"": null, ""max_features"": ""sqrt"", ""min_samples_leaf"": 1}"
GPR1mm,RandomForest,31,24,0.5364470389308582,8.264812252183503,11.393702362405374,"{""max_depth"": 10, ""max_features"": ""sqrt"", ""min_samples_leaf"": 1}"
GPR1mm,XGBoost,31,0,0.7495845567596824,6.0974001159667965,7.279643713149758,"{""learning_rate"": 0.03, ""max_depth"": 3, ""subsample"": 1.0}"
GPR1mm,XGBoost,31,1,0.43622666102828,7.272852630615234,8.93844262877806,"{""learning_rate"": 0.1, ""max_depth"": 3, ""subsample"": 1.0}"
GPR1mm,XGBoost,31,2,0.6829127136810049,5.815316375732421,7.098592101003318,"{""learning_rate"": 0.1, ""max_depth"": 3, ""subsample"": 0.7}"
GPR1mm,XGBoost,31,3,0.30801151588569853,7.445842193603515,10.763206887900843,"{""learning_rate"": 0.1, ""max_depth"": 2, ""subsample"": 0.7}"
GPR1mm,XGBoost,31,4,0.5250146573656411,8.344928296407064,11.977438432052894,"{""learning_rate"": 0.1, ""max_depth"": 3, ""subsample"": 1.0}"
GPR1mm,XGBoost,31,5,0.5611909901434013,7.73590515136719,9.091794926940377,"{""learning_rate"": 0.03, ""max_depth"": 2, ""subsample"": 0.7}"
GPR1mm,XGBoost,31,6,0.20711082010388782,9.4849990234375,13.60359501537652,"{""learning_rate"": 0.1, ""max_depth"": 2, ""subsample"": 0.7}"
GPR1mm,XGBoost,31,7,0.8386871025203964,4.2939450073242185,5.481623369551512,"{""learning_rate"": 0.1, ""max_depth"": 3, ""subsample"": 0.7}"
GPR1mm,XGBoost,31,8,0.6816114053293179,5.767103424072264,7.6300060842761255,"{""learning_rate"": 0.1, ""max_depth"": 5, ""subsample"": 1.0}"
GPR1mm,XGBoost,31,9,0.505147856488573,6.760040378570558,9.681683537388064,"{""learning_rate"": 0.03, ""max_depth"": 3, ""subsample"": 1.0}"
GPR1mm,XGBoost,31,10,0.6052857389093522,6.449362304687501,7.956864175439872,"{""learning_rate"": 0.03, ""max_depth"": 3, ""subsample"": 0.7}"
GPR1mm,XGBoost,31,11,0.5002419166697814,6.75089224243164,9.908760998852753,"{""learning_rate"": 0.03, ""max_depth"": 3, ""subsample"": 1.0}"
GPR1mm,XGBoost,31,12,0.4177226739218991,7.688135162353517,11.07496483671489,"{""learning_rate"": 0.1, ""max_depth"": 2, ""subsample"": 0.7}"
GPR1mm,XGBoost,31,13,0.6010554387961455,6.970649627685548,9.736482078680975,"{""learning_rate"": 0.1, ""max_depth"": 3, ""subsample"": 0.7}"
GPR1mm,XGBoost,31,14,0.5251026742669616,6.77337605158488,9.37534824868373,"{""learning_rate"": 0.1, ""max_depth"": 5, ""subsample"": 0.7}"
GPR1mm,XGBoost,31,15,0.49621570631650536,7.2002033081054675,11.16495374714446,"{""learning_rate"": 0.03, ""max_depth"": 3, ""subsample"": 0.7}"
GPR1mm,XGBoost,31,16,0.31851024019707586,6.130850799560546,9.454398870885266,"{""learning_rate"": 0.03, ""max_depth"": 5, ""subsample"": 0.7}"
GPR1mm,XGBoost,31,17,0.6100143165393606,7.806601531982422,8.866080661126826,"{""learning_rate"": 0.03, ""max_depth"": 3, ""subsample"": 0.7}"
GPR1mm,XGBoost,31,18,0.6676211031179072,5.823641845703126,7.071535366548237,"{""learning_rate"": 0.03, ""max_depth"": 3, ""subsample"": 0.7}"
GPR1mm,XGBoost,31,19,0.4313541460371524,9.647398948669434,12.31676536642157,"{""learning_rate"": 0.1, ""max_depth"": 2, ""subsample"": 0.7}"
GPR1mm,XGBoost,31,20,0.5243269820936762,6.980101806640626,9.667955703259006,"{""learning_rate"": 0.03, ""max_depth"": 3, ""subsample"": 1.0}"
GPR1mm,XGBoost,31,21,0.5672669221916267,6.769189331054686,9.268239193166256,"{""learning_rate"": 0.03, ""max_depth"": 5, ""subsample"": 1.0}"
GPR1mm,XGBoost,31,22,0.5775755345324796,6.597779174804686,8.90758148580595,"{""learning_rate"": 0.03, ""max_depth"": 3, ""subsample"": 1.0}"
GPR1mm,XGBoost,31,23,0.1437973472356392,7.807256500244141,10.399590930412382,"{""learning_rate"": 0.1, ""max_depth"": 5, ""subsample"": 0.7}"
GPR1mm,XGBoost,31,24,0.47916413515231404,7.824033006032306,12.07718256832924,"{""learning_rate"": 0.03, ""max_depth"": 3, ""subsample"": 0.7}"
GPR1mm,MLP,31,0,-0.011114125089552562,9.644342342289097,14.627821721315009,"{""model__alpha"": 1.0, ""model__hidden_layer_sizes"": [32, 16]}"
GPR1mm,MLP,31,1,0.3905419331868517,6.739867403112681,9.293547111004848,"{""model__alpha"": 1.0, ""model__hidden_layer_sizes"": [32, 16]}"
GPR1mm,MLP,31,2,0.2502648295545693,8.323475221442767,10.915326955314743,"{""model__alpha"": 1.0, ""model__hidden_layer_sizes"": [32]}"
GPR1mm,MLP,31,3,0.06517956684448045,8.736713122780706,12.509972441979452,"{""model__alpha"": 1.0, ""model__hidden_layer_sizes"": [32, 16]}"
GPR1mm,MLP,31,4,-0.281289445059417,16.37439691508214,19.671952511351975,"{""model__alpha"": 1.0, ""model__hidden_layer_sizes"": [16]}"
GPR1mm,MLP,31,5,0.5630870926555429,6.874364543869775,9.072130747712666,"{""model__alpha"": 1.0, ""model__hidden_layer_sizes"": [32, 16]}"
GPR1mm,MLP,31,6,0.24252370613075058,10.828579117343311,13.296335700671161,"{""model__alpha"": 1.0, ""model__hidden_layer_sizes"": [32, 16]}"
GPR1mm,MLP,31,7,0.7240114336877546,6.1123330573099555,7.170017109582054,"{""model__alpha"": 1.0, ""model__hidden_layer_sizes"": [32, 16]}"
GPR1mm,MLP,31,8,-0.443740791971313,11.283307926097493,16.247657176418233,"{""model__alpha"": 0.01, ""model__hidden_layer_sizes"": [32, 16]}"
GPR1mm,MLP,31,9,0.4526870161433999,7.272403493058213,10.18195165111559,"{""model__alpha"": 1.0, ""model__hidden_layer_sizes"": [32, 16]}"
GPR1mm,MLP,31,10,0.08317177417170929,8.89720128752715,12.12675276237358,"{""model__alpha"": 1.0, ""model__hidden_layer_sizes"": [32, 16]}"
GPR1mm,MLP,31,11,0.3861758367632606,7.800601933323546,10.98149403079999,"{""model__alpha"": 1.0, ""model__hidden_layer_sizes"": [32, 16]}"
GPR1mm,MLP,31,12,0.07324635686122938,10.085463856593291,13.97203186682115,"{""model__alpha"": 1.0, ""model__hidden_layer_sizes"": [32]}"
GPR1mm,MLP,31,13,0.3143389684074398,9.390667867353061,12.7644036161709,"{""model__alpha"": 1.0, ""model__hidden_layer_sizes"": [32, 16]}"
GPR1mm,MLP,31,14,0.23599368829307454,9.528262893029693,11.891483014415432,"{""model__alpha"": 1.0, ""model__hidden_layer_sizes"": [32, 16]}"
GPR1mm,MLP,31,15,0.381246596517148,8.784900030731396,12.373524338541948,"{""model__alpha"": 1.0, ""model__hidden_layer_sizes"": [32, 16]}"
GPR1mm,MLP,31,16,0.1087054399636751,7.8314391764415605,10.812220189669702,"{""model__alpha"": 1.0, ""model__hidden_layer_sizes"": [32, 16]}"
GPR1mm,MLP,31,17,0.5291014040523255,7.671194192395415,9.742514116616604,"{""model__alpha"": 1.0, ""model__hidden_layer_sizes"": [32, 16]}"
GPR1mm,MLP,31,18,0.5503148576329484,6.5411639641694315,8.225290892889548,"{""model__alpha"": 1.0, ""model__hidden_layer_sizes"": [32, 16]}"
GPR1mm,MLP,31,19,0.013992520648260953,12.695074602245517,16.218692295545626,"{""model__alpha"": 1.0, ""model__hidden_layer_sizes"": [32]}"
GPR1mm,MLP,31,20,0.6068918528384921,6.899685911132113,8.788938299403325,"{""model__alpha"": 1.0, ""model__hidden_layer_sizes"": [32, 16]}"
GPR1mm,MLP,31,21,0.08915714967149857,9.125341376100874,13.446489389075023,"{""model__alpha"": 1.0, ""model__hidden_layer_sizes"": [32, 16]}"
GPR1mm,MLP,31,22,-0.12285024819678814,9.914650684415824,14.522660738480477,"{""model__alpha"": 1.0, ""model__hidden_layer_sizes"": [32, 16]}"
GPR1mm,MLP,31,23,-0.03751266408127685,8.461773155105945,11.447869638809443,"{""model__alpha"": 1.0, ""model__hidden_layer_sizes"": [32, 16]}"
GPR1mm,MLP,31,24,0.3338449078913105,10.947939956116487,13.658495578315799,"{""model__alpha"": 1.0, ""model__hidden_layer_sizes"": [32]}"
